"","WB","Ama2","Hyp3","Hb3","PrT","pTub","Hyp1","Cb","Ama1","Hyp2","Hb1","NEC","OB","Hb2","PN","DMX","Ama3"
"1",NA,"nr4a2a","nkx2.4b","hoxa5a","nr4a2a","nhlh2","nkx2.4b","eomesb","nr4a2a","nkx2.4b","sall2","hand2","dlx1a","crema","hand2","tbx20","nr4a2a"
"2",NA,"tbx3a","pou2f1b","mtcl1","bach2b","sim1b","nr2e1","nfixa","rxraa","dlx1a","onecutl","epas1b","sall3a","foxo1a","tbx20","gata2b","tbx3a"
"3",NA,"rxraa","tead1b","bach2b","pax7a","nkx2.4b","bsx","bach2b","tbx3a","IKZF2","sall3a","tbx20","zeb2b","hoxb6b","hoxb7a","sall3a","rxraa"
"4",NA,"crema","nkx2.4a","meis2a","gata2a","bsx","sox2","etv1","pbx3a","nr2e1","nr4a3","crema","hivep2a","hoxa5a","crema","stat3","pbx3a"
"5",NA,"nr4a2b","znf219","im:7142702","znf219","zfhx4","IKZF2","zbtb18","ahr1b","tbx3a","sall1a","ahr2","etv1","hoxc6a","bach2b","cbfb","pax10"
"6",NA,"ahr1b","tub","sall1a","zic2b","nkx2.4a","tead1b","tlx3b","thraa","sox2","phox2a","hmx3a","sp8a","hoxb8a","zeb2b","onecutl","meis2a"
"7",NA,"pax10","arid5b","tlx2","gata3","zfhx3","prdm13","neurod2","meis2a","sox13","phox2bb","arid3a","dlx2b","nhlh2","epas1b","phox2a","pax6b"
"8",NA,"meis2a","zbtb20","lcor","tcf7l2","pou2f2a","sp5a","nfixb","lcor","dlx5a","fosl1a","phox2a","cica","sall3a","phox2a","nfe2l1b","nr4a2b"
"9",NA,"vax1","lcor","hoxb3a","jund","lcor","nkx2.4a","prox1a","nr4a2b","bsx","lmx1bb","fosb","lcor","onecutl","hoxb8a","gata3","ahr1b"
"10",NA,"thraa","dacha","pou4f1","lcor","otpa","sox1a","neurod1","vax1","pou2f1b","tub","csrnp1b","foxg1a","hoxb6a","tlx2","epas1b","nr2f2"
"11",NA,"pax6b","lef1","hoxc5a","baz2ba","rerea","pou2f1b","nfia","zfhx3","nkx2.4a","lcor","jund","hivep3a","phox2a","fosl1a","isl2a","vax1"
"12",NA,"nr1d1","tcf3b","rerea","cicb","arid1b","pou3f2b","zeb2b","pax10","tead1b","nr1d2b","tead1b","meis2a","fosaa","nfe2l1b","npas1","nhlh2"
"13",NA,"mxd4","rerea","lmx1bb","klf6a","jund","insm1b","hivep3a","nr1d2b","sox5","nfe2l1b","dachb","mef2cb","epas1b","smad1","nr4a3","tshz1"
"14",NA,"nr2f2","dlx5a","hivep2a","uncx","lhx1a","hmx3a","hivep2a","tfe3a","tub","raraa","fosl1a","rerea","nr4a3","lcor","zmiz1a","zfhx3"
"15",NA,"nhlh2","cicb","arid5b","arid1b","znf219","lef1","en2b","mxd4","dlx6a","rerea","lcor","tub","tshz3b","gata2a","znf292b","lcor"
"16",NA,"hivep2a","prox1a","rarab","zmiz1a","camta1a","znf219","nhlh2","tshz1","prox1a","tfap2a","arid5b","kmt2cb","hoxc5a","tead1b","smad1","nr1d2b"
"17",NA,"lcor","jund","hoxb2a","rerea","znf865","hlfa","nfatc3a","jund","tcf3b","dbpb","hmx2","dlx5a","hoxb3a","hmx3a","casz1","znf516"
"18",NA,"zfhx3","insm1b","zfhx4","zic5","uncx","dlx5a","zeb2a","pax6b","sox1a","meis3","tcf12","egr1","lcor","klf6a","tfe3a","aff2"
"19",NA,"tfe3a","sox5","uncx","PAXBP1","klf6a","tcf3b","en2a","nr2f2","znf219","egr1","tub","tulp4b","hoxb5a","zfhx3","tead1b","mxd4"
"20",NA,"rarab","mef2cb","zfhx3","kmt2cb","znf827","zbtb20","zfpm2a","cicb","lef1","jund","isl1","camta1a","hoxc3a","hivep3a","cica","znf827"
"21",NA,"tshz1","kmt2cb","nr1d2b","zbtb16a","PAXBP1","prox1a","znf536","aff2","nr1d2b","shox","gata2a","jund","nfe2l1b","isl1","lcor","znf503"
"22",NA,"cica","znf609a","meis1b","tshz1","tet2","foxd2","zic5","hivep1","tbx2a","znf503","mef2cb","mef2d","tshz1","phox2bb","znf536","elmsan1b"
"23",NA,"cicb","PAXBP1","hoxb5b","znf865","tox2","dlx6a","sox5","klf6a","insm1b","fosb","camta1a","hivep1","nr1d2b","rerea","arid2","zzz3"
"24",NA,"znf503","znf536","hivep3a","emx2","baz2ba","pou3f1","pax6b","mef2d","jund","npas4a","casz1","PAXBP1","hoxb5b","pou2f2a","rerea","tet2"
"25",NA,"mef2d","znf865","jund","znf609a","cicb","dacha","en1b","tub","tbx2b","hmga1b","insm1a","cicb","zfhx3","jund","znf219","hmga1b"
"26",NA,"aff2","insm1a","zmiz1a","aff2","camta1b","insm1a","mef2d","foxn3","mta2","hoxb3a","zfhx4","fosb","hivep2a","zfhx4","baz2ba","ctcf"
"27",NA,"hmga1b","baz2ba","npas4a","znf827","tcf12","arid5b","dacha","pou2f2a","znf536","pbx4","zmiz1a","pou2f2a","rerea","csde1","etv5a","klf6a"
"28",NA,"tet2","cux1a","hoxb5a","zic3","zbtb16a","cica","tead1b","rerea","insm1a","camta1a","mef2aa","csde1","casz1","aff2","tulp4b","rerea"
"29",NA,"tub","npas4a","aff2","camta1b","kmt2cb","znf536","klf11b","PAXBP1","tox2","uncx","nr4a1","tcf12","tub","kmt2cb","setdb1a","cux1a"
"30",NA,"hivep1","pou3f1","dbpb","csde1","zmiz1a","rfx2","arid5b","znf827","mef2cb","junbb","hivep1","xbp1","phox2bb","klf7b","PAXBP1","klf11a"
"31",NA,"klf6a","tox2","pou2f2a","nr2f2","otpb","nr1d2b","znf319b","tet2","klf11a","arid1b","rerea","pbx3b","zfhx4","zmiz1a","dbpb","foxn3"
"32",NA,"fosl2","fosb","tet2","zic1","znf536","sox5","tcf3b","kmt2cb","lcor","onecut1","dbpb",NA,"pou2f2a","hoxb3a","jund","znf865"
"33",NA,"zmiz1a","arnt2","phox2bb","myt1a","csde1","tub","znf865","csde1","zbtb20","baz2ba","jun",NA,"mef2cb","foxo3b","klf6a","fosl2"
"34",NA,"znf865","pou2f2a","casz1","arnt2","lhx5","lcor","pax6a","znf865","rfx2","PAXBP1","baz2ba",NA,"jund","atf3","smarcc1a","tfap2a"
"35",NA,"jund","csde1","arid1b","foxo3a","hivep1","sox1b","tfdp2","cux1a","dlx2a","meis2a","tcf3b",NA,"fosb","myt1a","zbtb17","rorab"
"36",NA,"rbpjb","mef2d","kmt2cb","zic2a","zbtb20","pou3f3a","tet2","fosl2","neurod1","cicb","klf7b",NA,"cicb","baz2ba","csde1","smarcc1a"
"37",NA,"smarcc1a","klf6a","cicb","lhx1a","arid4a","tox2","baz2ba","zmiz1a","arid5b","zmiz1a","phox2bb",NA,"kmt2cb","PAXBP1","znf827","csde1"
"38",NA,"rorab","baz2a","PAXBP1","nfil3-5","npas4a","jund","arid1aa","znf609a","dacha","klf6a","mef2d",NA,"egr1","tcf3b","arid1b","mgaa"
"39",NA,"pou2f2a","ncor2","tfap2a","smarcc2","mef2d","klf11a","lcor","baz2ba","sox1b","znf865","carhsp1",NA,"hivep1","fosl2","hmga1b","myt1a"
"40",NA,"myt1a","jun","raraa","pbx4","ncor2","tsc22d2","zbtb2b","hmga1b","arid1b","ets2","pbx1a",NA,"tox2","cux1a","tcf3b","hivep1"
"41",NA,"cux1a",NA,"hmga1b","pbx1a","myt1a","rerea","jund","myt1a","rerea","klf7a","nr3c1",NA,"hmga1b","tfap2a","znf609a","mta2"
"42",NA,"rerea",NA,"baz2ba","jun","arnt2","npas4a","tshz3b","ncor2","nr4a1","nr4a1","plscr3b",NA,"znf865","jun","camta1a","mef2d"
"43",NA,"znf827",NA,"camta1a","klf7b","myt1la","znf609a","klf6a","klf7a","pou3f1","nr3c1","zfhx3",NA,"arid1b","plscr3b","npas4a","jund"
"44",NA,"kmt2cb",NA,"meis2b","myt1b","smarcc2","cicb","zic2a","smad2","fosb","hivep1",NA,NA,"klf7b","myt1b","klf7b","zmiz1a"
"45",NA,"csde1",NA,"znf609a","nr2f1a","smad2","arnt2","kmt2cb","hes6","hes6","hoxb5b",NA,NA,"csde1","smad2","ncor2","klf7a"
"46",NA,"arid1b",NA,"myt1a","pbx3b","myt1b","znf865","PAXBP1","pbx1a","jun","smarcc1a",NA,NA,"atf3","meis1b","isl1","hes6"
"47",NA,"klf7a",NA,"zbtb16a",NA,NA,"baz2ba","hmga1b","camta1b","cux1a","klf7b",NA,NA,"onecut1","sox11a","mllt10","tox3"
"48",NA,"hmg20a",NA,"cux1a",NA,NA,"mef2d","tshz1",NA,"znf865","meis1b",NA,NA,"PAXBP1","sox11b","camta1b","ubtf"
"49",NA,"hes6",NA,"znf865",NA,NA,"arid1b","myt1a",NA,"kmt2cb","mef2d",NA,NA,"baz2ba","junba","baz2a","nfil3-5"
"50",NA,"baz2ba",NA,"znf827",NA,NA,"tcf12","insm1a",NA,"pou3f3a","kmt2cb",NA,NA,"npas4a",NA,"fosb","pbx3b"
