cell_id,subclass_name,subclass_label,subclass_bootstrapping_probability,zf_annotation
AAACGAACAAGTGCAG_pTub,134 PH-ant-LHA Otp Bsx Glut,CS20230722_SUBC_134,0.56,pTub
AAAGGATCACGACAGA_vFb.Prog2,252 DMX VII Tbx20 Chol,CS20230722_SUBC_252,0.95,vFb.Prog2
AAAGGGCCAAGGCGTA_Hb1,251 NTS Dbh Glut,CS20230722_SUBC_251,0.78,Hb1
AAAGGTACACAATGCT_vFb.Prog1,251 NTS Dbh Glut,CS20230722_SUBC_251,0.81,vFb.Prog1
AAAGGTACATTGACAC_pTub,134 PH-ant-LHA Otp Bsx Glut,CS20230722_SUBC_134,0.54,pTub
AAAGTCCAGCCTCGTG_OB,044 OB Dopa-Gaba,CS20230722_SUBC_044,0.75,OB
AAAGTGACACAAATAG_PrT,202 PRT Tcf7l2 Gaba,CS20230722_SUBC_202,0.54,PrT
AAAGTGATCAGCTAGT_Hb1,251 NTS Dbh Glut,CS20230722_SUBC_251,0.88,Hb1
AAATGGATCCAGCAAT_Hb1,251 NTS Dbh Glut,CS20230722_SUBC_251,0.7,Hb1
AAATGGATCGGCTGAC_Hb1,251 NTS Dbh Glut,CS20230722_SUBC_251,0.85,Hb1
AACAAAGTCAACGTGT_Hb2,251 NTS Dbh Glut,CS20230722_SUBC_251,0.97,Hb2
AACAAAGTCGTGCGAC_Hb2,251 NTS Dbh Glut,CS20230722_SUBC_251,0.73,Hb2
AACAGGGAGCCTCACG_Hb2,251 NTS Dbh Glut,CS20230722_SUBC_251,0.75,Hb2
AACAGGGTCTCTTGCG_vFb.Prog1,251 NTS Dbh Glut,CS20230722_SUBC_251,0.9,vFb.Prog1
AACCACATCACCCTCA_vFb.Prog2,045 OB-STR-CTX Inh IMN,CS20230722_SUBC_045,0.78,vFb.Prog2
AACCCAACAGTCGTTA_Hb2,251 NTS Dbh Glut,CS20230722_SUBC_251,0.8,Hb2
AAGAACACAGCACGAA_Hb2,251 NTS Dbh Glut,CS20230722_SUBC_251,0.84,Hb2
AAGAACAGTAGAATAC_Hb2,251 NTS Dbh Glut,CS20230722_SUBC_251,0.84,Hb2
AAGAACATCAGCACCG_vFb.Prog1,101 ZI Pax6 Gaba,CS20230722_SUBC_101,0.82,vFb.Prog1
AAGACAATCTAGAACC_vFb.Prog1,045 OB-STR-CTX Inh IMN,CS20230722_SUBC_045,0.82,vFb.Prog1
AAGATAGGTGGCTGAA_PrT,202 PRT Tcf7l2 Gaba,CS20230722_SUBC_202,0.57,PrT
AAGCCATCAACACGTT_Hb1,251 NTS Dbh Glut,CS20230722_SUBC_251,0.88,Hb1
AAGCCATCACCTGAAT_Hb1,251 NTS Dbh Glut,CS20230722_SUBC_251,0.77,Hb1
AAGCCATGTGTTCCAA_Hb1,251 NTS Dbh Glut,CS20230722_SUBC_251,0.64,Hb1
AAGCGTTGTAGGACTG_vFb.Prog2,101 ZI Pax6 Gaba,CS20230722_SUBC_101,0.88,vFb.Prog2
AAGCGTTTCATTCGGA_Hb1,251 NTS Dbh Glut,CS20230722_SUBC_251,0.56,Hb1
AAGGTAATCTCCCAAC_DMX,252 DMX VII Tbx20 Chol,CS20230722_SUBC_252,0.65,DMX
AAGTACCAGATCGGTG_Hb2,251 NTS Dbh Glut,CS20230722_SUBC_251,0.69,Hb2
AAGTACCCATCATTGG_vFb.Prog2,038 DG-PIR Ex IMN,CS20230722_SUBC_038,1.0,vFb.Prog2
AAGTACCTCACTGGGC_Hyp2,045 OB-STR-CTX Inh IMN,CS20230722_SUBC_045,0.97,Hyp2
AAGTCGTAGATCGCCC_Hb1,251 NTS Dbh Glut,CS20230722_SUBC_251,0.57,Hb1
AAGTCGTAGCCAAGGT_Hb1,251 NTS Dbh Glut,CS20230722_SUBC_251,0.95,Hb1
AAGTTCGCAATCAGCT_Hb1,251 NTS Dbh Glut,CS20230722_SUBC_251,1.0,Hb1
AATAGAGGTGAACTAA_Hb2,251 NTS Dbh Glut,CS20230722_SUBC_251,0.92,Hb2
AATCACGAGTTCCGGC_Hb2,251 NTS Dbh Glut,CS20230722_SUBC_251,0.97,Hb2
AATCACGGTCCGATCG_vFb.Prog2,045 OB-STR-CTX Inh IMN,CS20230722_SUBC_045,1.0,vFb.Prog2
AATCACGTCACGATCA_Hb2,251 NTS Dbh Glut,CS20230722_SUBC_251,0.71,Hb2
AATCGACTCCGAAGGA_Hb2,251 NTS Dbh Glut,CS20230722_SUBC_251,0.77,Hb2
AATGAAGAGGATCACG_vFb.Prog2,045 OB-STR-CTX Inh IMN,CS20230722_SUBC_045,0.86,vFb.Prog2
AATGAAGCAAATGCGG_pTub,134 PH-ant-LHA Otp Bsx Glut,CS20230722_SUBC_134,0.68,pTub
AATGACCTCCATTCAT_Hb1,251 NTS Dbh Glut,CS20230722_SUBC_251,0.98,Hb1
AATGCCATCCTTATCA_OB,044 OB Dopa-Gaba,CS20230722_SUBC_044,0.76,OB
AATGCCATCTTGCAAG_vFb.Prog2,101 ZI Pax6 Gaba,CS20230722_SUBC_101,0.91,vFb.Prog2
AATGGAATCCTCTCGA_Hb1,251 NTS Dbh Glut,CS20230722_SUBC_251,0.92,Hb1
AATGGCTAGCGTTACT_Hb1,251 NTS Dbh Glut,CS20230722_SUBC_251,0.63,Hb1
AATGGCTCAACACGTT_Hb1,251 NTS Dbh Glut,CS20230722_SUBC_251,0.6,Hb1
AATGGCTTCGCCTATC_Hb1,251 NTS Dbh Glut,CS20230722_SUBC_251,0.66,Hb1
ACAAGCTTCCTTCTTC_pTub,237 PRP-NI-PRNc-GRN Otp Glut,CS20230722_SUBC_237,0.5,pTub
ACACAGTGTAACGTTC_vFb.Prog2,045 OB-STR-CTX Inh IMN,CS20230722_SUBC_045,0.95,vFb.Prog2
ACACAGTTCCGATAGT_vFb.Prog2,045 OB-STR-CTX Inh IMN,CS20230722_SUBC_045,0.99,vFb.Prog2
ACAGAAAGTATGGGAC_OB,044 OB Dopa-Gaba,CS20230722_SUBC_044,0.68,OB
ACAGGGAAGCAGAAAG_Hb3,238 NTS Phox2b Glut,CS20230722_SUBC_238,0.58,Hb3
ACATCCCAGGTCCCGT_Hb1,251 NTS Dbh Glut,CS20230722_SUBC_251,0.82,Hb1
ACATGCAAGTCCGTCG_Hb1,251 NTS Dbh Glut,CS20230722_SUBC_251,0.86,Hb1
ACCAAACTCACTACGA_Hb1,251 NTS Dbh Glut,CS20230722_SUBC_251,0.97,Hb1
ACCAACATCCCTATTA_Hb2,251 NTS Dbh Glut,CS20230722_SUBC_251,0.51,Hb2
ACCCAAAAGATGTAGT_Hyp2,045 OB-STR-CTX Inh IMN,CS20230722_SUBC_045,1.0,Hyp2
ACCCTCATCTCATTGT_Hyp3,045 OB-STR-CTX Inh IMN,CS20230722_SUBC_045,0.73,Hyp3
ACCCTTGTCAGTGTTG_Hb2,251 NTS Dbh Glut,CS20230722_SUBC_251,0.65,Hb2
ACCGTTCTCGTAACAC_OB,044 OB Dopa-Gaba,CS20230722_SUBC_044,0.81,OB
ACCTACCAGGAAGTCC_Hb2,251 NTS Dbh Glut,CS20230722_SUBC_251,1.0,Hb2
ACCTGTCGTATCGCTA_Hb1,251 NTS Dbh Glut,CS20230722_SUBC_251,0.88,Hb1
ACCTGTCGTCAACGCC_Hb1,251 NTS Dbh Glut,CS20230722_SUBC_251,0.98,Hb1
ACGATCAGTAGCTTAC_Hyp2,045 OB-STR-CTX Inh IMN,CS20230722_SUBC_045,1.0,Hyp2
ACGATGTGTTGTCATG_pTub,134 PH-ant-LHA Otp Bsx Glut,CS20230722_SUBC_134,0.76,pTub
ACGGGTCAGCTAGTTC_DMX,252 DMX VII Tbx20 Chol,CS20230722_SUBC_252,0.53,DMX
ACGGTTACAAGACCGA_Hb2,251 NTS Dbh Glut,CS20230722_SUBC_251,0.69,Hb2
ACGGTTAGTAGTTAGA_Hb1,251 NTS Dbh Glut,CS20230722_SUBC_251,0.9,Hb1
ACGTAACAGGTCATCT_PrT,202 PRT Tcf7l2 Gaba,CS20230722_SUBC_202,0.52,PrT
ACGTAGTTCCCTCTAG_pTub,134 PH-ant-LHA Otp Bsx Glut,CS20230722_SUBC_134,0.54,pTub
ACGTCCTCAGAAGCTG_Hyp3,045 OB-STR-CTX Inh IMN,CS20230722_SUBC_045,0.56,Hyp3
ACGTCCTGTGACAGCA_Cb,038 DG-PIR Ex IMN,CS20230722_SUBC_038,1.0,Cb
ACGTTCCCACACACGC_vFb.Prog1,045 OB-STR-CTX Inh IMN,CS20230722_SUBC_045,0.58,vFb.Prog1
ACGTTCCGTACGAGTG_Cb,045 OB-STR-CTX Inh IMN,CS20230722_SUBC_045,0.92,Cb
ACTACGAAGGTCATAA_Hb2,251 NTS Dbh Glut,CS20230722_SUBC_251,0.96,Hb2
ACTATGGGTCTCTCCA_Hyp1,045 OB-STR-CTX Inh IMN,CS20230722_SUBC_045,0.87,Hyp1
ACTATGGTCCAGCCTT_Hb2,251 NTS Dbh Glut,CS20230722_SUBC_251,0.91,Hb2
ACTATTCAGGGATCTG_OB,044 OB Dopa-Gaba,CS20230722_SUBC_044,0.67,OB
ACTGATGCAACTGTGT_OB,044 OB Dopa-Gaba,CS20230722_SUBC_044,0.73,OB
ACTGATGCAGGAACCA_Cb,038 DG-PIR Ex IMN,CS20230722_SUBC_038,1.0,Cb
ACTGCAATCGCTCATC_OB,044 OB Dopa-Gaba,CS20230722_SUBC_044,0.75,OB
ACTTAGGAGATGTTCC_Hyp3,038 DG-PIR Ex IMN,CS20230722_SUBC_038,0.99,Hyp3
ACTTAGGGTAAGATCA_Hb3,251 NTS Dbh Glut,CS20230722_SUBC_251,0.5,Hb3
ACTTCCGCAACAGAGC_vFb.Prog1,045 OB-STR-CTX Inh IMN,CS20230722_SUBC_045,0.54,vFb.Prog1
ACTTCCGGTTTGGCTA_Hb2,251 NTS Dbh Glut,CS20230722_SUBC_251,1.0,Hb2
ACTTTCAAGGACTAAT_pTub,134 PH-ant-LHA Otp Bsx Glut,CS20230722_SUBC_134,0.69,pTub
ACTTTCAGTAGCTTAC_Hyp2,045 OB-STR-CTX Inh IMN,CS20230722_SUBC_045,1.0,Hyp2
ACTTTGTGTTATGTGC_Hb3,251 NTS Dbh Glut,CS20230722_SUBC_251,0.55,Hb3
AGAAATGGTACCGTCG_Hb1,251 NTS Dbh Glut,CS20230722_SUBC_251,0.96,Hb1
AGAAATGTCCATCAGA_Cb,045 OB-STR-CTX Inh IMN,CS20230722_SUBC_045,0.99,Cb
AGAACCTAGTAAACTG_OB,044 OB Dopa-Gaba,CS20230722_SUBC_044,0.76,OB
AGAACCTGTAGACGTG_vFb.Prog2,045 OB-STR-CTX Inh IMN,CS20230722_SUBC_045,0.86,vFb.Prog2
AGACAAATCAAACCTG_OB,044 OB Dopa-Gaba,CS20230722_SUBC_044,0.69,OB
AGACACTAGGTTTGAA_Hyp1,045 OB-STR-CTX Inh IMN,CS20230722_SUBC_045,0.54,Hyp1
AGACACTCAACAAGAT_vFb.Prog2,252 DMX VII Tbx20 Chol,CS20230722_SUBC_252,0.86,vFb.Prog2
AGACAGGAGATTAGCA_pTub,251 NTS Dbh Glut,CS20230722_SUBC_251,0.52,pTub
AGACCATCACATTCTT_vFb.Prog2,252 DMX VII Tbx20 Chol,CS20230722_SUBC_252,0.55,vFb.Prog2
AGACCCGCACATAACC_vFb.Prog1,238 NTS Phox2b Glut,CS20230722_SUBC_238,0.62,vFb.Prog1
AGAGAATTCAAGCCGC_vFb.Prog1,045 OB-STR-CTX Inh IMN,CS20230722_SUBC_045,0.93,vFb.Prog1
AGAGCAGGTGTGTTTG_Hb1,251 NTS Dbh Glut,CS20230722_SUBC_251,0.91,Hb1
AGAGCCCCAGTGCCTG_PrT,202 PRT Tcf7l2 Gaba,CS20230722_SUBC_202,0.58,PrT
AGATAGAAGCTGTACT_Hb1,251 NTS Dbh Glut,CS20230722_SUBC_251,1.0,Hb1
AGATCCAAGATTTGCC_Hb1,251 NTS Dbh Glut,CS20230722_SUBC_251,0.76,Hb1
AGATGCTAGGGTGAGG_Hyp2,045 OB-STR-CTX Inh IMN,CS20230722_SUBC_045,1.0,Hyp2
AGATGCTTCTCGTTTA_Hb1,251 NTS Dbh Glut,CS20230722_SUBC_251,0.81,Hb1
AGCATCAAGGATACCG_Cb,045 OB-STR-CTX Inh IMN,CS20230722_SUBC_045,0.91,Cb
AGCCAATAGCAACCAG_OB,045 OB-STR-CTX Inh IMN,CS20230722_SUBC_045,0.75,OB
AGCCAATCAGTCAACT_Hb1,251 NTS Dbh Glut,CS20230722_SUBC_251,0.75,Hb1
AGCCACGGTGGTCCGT_vFb.Prog1,134 PH-ant-LHA Otp Bsx Glut,CS20230722_SUBC_134,0.63,vFb.Prog1
AGCCAGCAGACTTCCA_Hb3,238 NTS Phox2b Glut,CS20230722_SUBC_238,0.71,Hb3
AGCCAGCAGCACTTTG_Cb,045 OB-STR-CTX Inh IMN,CS20230722_SUBC_045,0.96,Cb
AGCCAGCTCTCTCAAT_Hb1,251 NTS Dbh Glut,CS20230722_SUBC_251,0.82,Hb1
AGCGATTTCCAACCGG_pTub,134 PH-ant-LHA Otp Bsx Glut,CS20230722_SUBC_134,0.6,pTub
AGCGCCACAAGCAATA_Hb2,251 NTS Dbh Glut,CS20230722_SUBC_251,0.58,Hb2
AGCGCTGGTCCGTACG_vFb.Prog1,101 ZI Pax6 Gaba,CS20230722_SUBC_101,0.82,vFb.Prog1
AGCGCTGTCACAAGGG_Hyp1,045 OB-STR-CTX Inh IMN,CS20230722_SUBC_045,0.96,Hyp1
AGCGTCGGTGCGGCTT_Hb2,251 NTS Dbh Glut,CS20230722_SUBC_251,0.82,Hb2
AGCTACACAGGTCAAG_Hb2,238 NTS Phox2b Glut,CS20230722_SUBC_238,0.5,Hb2
AGCTTCCCACTAAACC_vFb.Prog2,101 ZI Pax6 Gaba,CS20230722_SUBC_101,0.73,vFb.Prog2
AGCTTCCTCACACCCT_OB,044 OB Dopa-Gaba,CS20230722_SUBC_044,0.59,OB
AGGAAATAGAGTCCGA_vFb.Prog2,251 NTS Dbh Glut,CS20230722_SUBC_251,0.53,vFb.Prog2
AGGACGACAACTCCCT_vFb.Prog1,045 OB-STR-CTX Inh IMN,CS20230722_SUBC_045,0.97,vFb.Prog1
AGGACGATCGACATAC_Hb2,251 NTS Dbh Glut,CS20230722_SUBC_251,0.59,Hb2
AGGACGATCGCGGTAC_Hb1,251 NTS Dbh Glut,CS20230722_SUBC_251,0.8,Hb1
AGGAGGTCACCGCTAG_pTub,251 NTS Dbh Glut,CS20230722_SUBC_251,0.82,pTub
AGGATAACAGACCAGA_pTub,134 PH-ant-LHA Otp Bsx Glut,CS20230722_SUBC_134,0.67,pTub
AGGATAACAGCAGTAG_Hb1,251 NTS Dbh Glut,CS20230722_SUBC_251,0.59,Hb1
AGGATAATCGGAGATG_Hyp1,045 OB-STR-CTX Inh IMN,CS20230722_SUBC_045,0.98,Hyp1
AGGATCTCAACCAATC_vFb.Prog1,101 ZI Pax6 Gaba,CS20230722_SUBC_101,0.95,vFb.Prog1
AGGCTGCCAGAATGTA_Hb1,251 NTS Dbh Glut,CS20230722_SUBC_251,0.95,Hb1
AGGGTCCTCTGGCTGG_Hyp1,045 OB-STR-CTX Inh IMN,CS20230722_SUBC_045,0.95,Hyp1
AGGGTGAAGTATGAGT_vFb.Prog1,101 ZI Pax6 Gaba,CS20230722_SUBC_101,0.5,vFb.Prog1
AGGGTGAAGTGGAATT_vFb.Prog2,252 DMX VII Tbx20 Chol,CS20230722_SUBC_252,0.57,vFb.Prog2
AGGGTTTTCTCTCCGA_vFb.Prog2,252 DMX VII Tbx20 Chol,CS20230722_SUBC_252,0.74,vFb.Prog2
AGGTCTAAGCTATCTG_Hb1,251 NTS Dbh Glut,CS20230722_SUBC_251,0.96,Hb1
AGGTGTTCACCGAATT_Hb2,251 NTS Dbh Glut,CS20230722_SUBC_251,0.86,Hb2
AGGTTACAGGCATTTC_Cb,045 OB-STR-CTX Inh IMN,CS20230722_SUBC_045,0.72,Cb
AGTACCAGTCTAATCG_Hb1,251 NTS Dbh Glut,CS20230722_SUBC_251,0.82,Hb1
AGTACCATCAGCGGAA_Hb2,251 NTS Dbh Glut,CS20230722_SUBC_251,1.0,Hb2
AGTACTGTCGGCTTCT_Hb1,251 NTS Dbh Glut,CS20230722_SUBC_251,0.89,Hb1
AGTAGTCCAGCCGTTG_Hb1,251 NTS Dbh Glut,CS20230722_SUBC_251,0.93,Hb1
AGTAGTCTCCATTTCA_vFb.Prog1,101 ZI Pax6 Gaba,CS20230722_SUBC_101,0.7,vFb.Prog1
AGTCTCCAGTCTTCCC_DMX,252 DMX VII Tbx20 Chol,CS20230722_SUBC_252,0.75,DMX
AGTTCGAGTCGGATTT_pTub,237 PRP-NI-PRNc-GRN Otp Glut,CS20230722_SUBC_237,0.65,pTub
ATACCTTAGAAACTCA_Hb2,251 NTS Dbh Glut,CS20230722_SUBC_251,0.7,Hb2
ATACCTTGTGGAGAAA_Hyp3,251 NTS Dbh Glut,CS20230722_SUBC_251,0.67,Hyp3
ATACCTTTCGTCCTTG_Hb1,251 NTS Dbh Glut,CS20230722_SUBC_251,0.83,Hb1
ATACTTCCACTTGGCG_Hyp3,038 DG-PIR Ex IMN,CS20230722_SUBC_038,0.99,Hyp3
ATAGGCTAGCTCCCTT_Hb2,251 NTS Dbh Glut,CS20230722_SUBC_251,0.62,Hb2
ATCACGATCACCATCC_pTub,252 DMX VII Tbx20 Chol,CS20230722_SUBC_252,0.57,pTub
ATCAGGTAGGCTCAAG_Hyp3,045 OB-STR-CTX Inh IMN,CS20230722_SUBC_045,0.57,Hyp3
ATCATTCAGGCGTTAG_Hyp2,045 OB-STR-CTX Inh IMN,CS20230722_SUBC_045,0.92,Hyp2
ATCCGTCCACTAGAGG_Hb1,251 NTS Dbh Glut,CS20230722_SUBC_251,0.57,Hb1
ATCCGTCGTCGACGCT_Hb2,251 NTS Dbh Glut,CS20230722_SUBC_251,0.94,Hb2
ATCCTATAGACATCCT_Hb2,251 NTS Dbh Glut,CS20230722_SUBC_251,0.91,Hb2
ATCCTATGTAACAAGT_vFb.Prog1,045 OB-STR-CTX Inh IMN,CS20230722_SUBC_045,0.81,vFb.Prog1
ATCGCCTTCTAGCAAC_Hb2,251 NTS Dbh Glut,CS20230722_SUBC_251,0.51,Hb2
ATCGTCCAGTGATGGC_OB,044 OB Dopa-Gaba,CS20230722_SUBC_044,0.6,OB
ATCGTGATCCATTCGC_vFb.Prog2,045 OB-STR-CTX Inh IMN,CS20230722_SUBC_045,1.0,vFb.Prog2
ATCTTCACACGTCATA_pTub,134 PH-ant-LHA Otp Bsx Glut,CS20230722_SUBC_134,0.98,pTub
ATCTTCAGTCGGAACA_vFb.Prog2,045 OB-STR-CTX Inh IMN,CS20230722_SUBC_045,0.93,vFb.Prog2
ATGAGGGTCGGTGCAC_PrT,202 PRT Tcf7l2 Gaba,CS20230722_SUBC_202,0.78,PrT
ATGAGGGTCTAGCCTC_Hb1,251 NTS Dbh Glut,CS20230722_SUBC_251,0.61,Hb1
ATGAGTCCACGAAGAC_vFb.Prog1,238 NTS Phox2b Glut,CS20230722_SUBC_238,0.52,vFb.Prog1
ATGAGTCGTTCGGTAT_pTub,237 PRP-NI-PRNc-GRN Otp Glut,CS20230722_SUBC_237,0.52,pTub
ATGCATGTCAACGTGT_Hyp3,045 OB-STR-CTX Inh IMN,CS20230722_SUBC_045,0.76,Hyp3
ATGCCTCAGAACCCGA_DMX,252 DMX VII Tbx20 Chol,CS20230722_SUBC_252,0.86,DMX
ATGGAGGAGGTTAAAC_pTub,134 PH-ant-LHA Otp Bsx Glut,CS20230722_SUBC_134,0.83,pTub
ATGGAGGGTCGTATGT_PrT,202 PRT Tcf7l2 Gaba,CS20230722_SUBC_202,0.71,PrT
ATGGATCAGCAATAGT_Hb1,251 NTS Dbh Glut,CS20230722_SUBC_251,0.93,Hb1
ATGGGAGAGTGAACAT_Hb2,251 NTS Dbh Glut,CS20230722_SUBC_251,0.96,Hb2
ATGGGAGCAGAGGCAT_Hyp2,045 OB-STR-CTX Inh IMN,CS20230722_SUBC_045,1.0,Hyp2
ATGGTTGAGCATCGAG_PrT,202 PRT Tcf7l2 Gaba,CS20230722_SUBC_202,0.7,PrT
ATGGTTGAGGCGTTGA_OB,044 OB Dopa-Gaba,CS20230722_SUBC_044,0.51,OB
ATGGTTGAGTACAACA_DMX,252 DMX VII Tbx20 Chol,CS20230722_SUBC_252,0.62,DMX
ATTCACTGTGGTCTTA_Cb,045 OB-STR-CTX Inh IMN,CS20230722_SUBC_045,0.84,Cb
ATTCATCCATAACCCA_Hyp2,045 OB-STR-CTX Inh IMN,CS20230722_SUBC_045,1.0,Hyp2
ATTCCATAGGTTATAG_Hb1,251 NTS Dbh Glut,CS20230722_SUBC_251,1.0,Hb1
ATTCCCGCACTGCATA_Hb1,251 NTS Dbh Glut,CS20230722_SUBC_251,0.92,Hb1
ATTCCCGTCGAGAAGC_Hb1,251 NTS Dbh Glut,CS20230722_SUBC_251,0.82,Hb1
ATTCGTTAGTACGTCT_PrT,202 PRT Tcf7l2 Gaba,CS20230722_SUBC_202,0.55,PrT
ATTCTACCATTCACAG_Hb3,238 NTS Phox2b Glut,CS20230722_SUBC_238,0.56,Hb3
ATTCTTGGTCTTTATC_pTub,251 NTS Dbh Glut,CS20230722_SUBC_251,0.64,pTub
ATTGTTCAGATACTGA_Hb2,251 NTS Dbh Glut,CS20230722_SUBC_251,0.73,Hb2
ATTTCTGCATCGGTTA_Hb1,251 NTS Dbh Glut,CS20230722_SUBC_251,0.87,Hb1
ATTTCTGCATTCAGGT_vFb.Prog1,045 OB-STR-CTX Inh IMN,CS20230722_SUBC_045,0.52,vFb.Prog1
CAAAGAAAGATGGCGT_Hb2,251 NTS Dbh Glut,CS20230722_SUBC_251,1.0,Hb2
CAAAGAACAGAGTTCT_Cb,038 DG-PIR Ex IMN,CS20230722_SUBC_038,1.0,Cb
CAACAACAGTCGTCTA_Hb2,251 NTS Dbh Glut,CS20230722_SUBC_251,0.99,Hb2
CAACCAATCGACACCG_Hyp3,134 PH-ant-LHA Otp Bsx Glut,CS20230722_SUBC_134,0.57,Hyp3
CAAGAGGTCTCTTGCG_Hb2,251 NTS Dbh Glut,CS20230722_SUBC_251,0.69,Hb2
CAAGCTACAGTCGCTG_vFb.Prog1,101 ZI Pax6 Gaba,CS20230722_SUBC_101,0.66,vFb.Prog1
CAAGCTAGTACCGTCG_Cb,038 DG-PIR Ex IMN,CS20230722_SUBC_038,1.0,Cb
CAAGGGACAGAGTGTG_Hb1,251 NTS Dbh Glut,CS20230722_SUBC_251,0.78,Hb1
CAAGGGATCCGTGGCA_Hb2,251 NTS Dbh Glut,CS20230722_SUBC_251,0.88,Hb2
CAATGACAGCTATCCA_vFb.Prog2,101 ZI Pax6 Gaba,CS20230722_SUBC_101,0.58,vFb.Prog2
CAATGACAGTTGCGAG_Hb2,251 NTS Dbh Glut,CS20230722_SUBC_251,0.81,Hb2
CAATGACTCGATGCAT_Hb1,251 NTS Dbh Glut,CS20230722_SUBC_251,0.89,Hb1
CAATTTCAGTTCGCAT_Hb2,251 NTS Dbh Glut,CS20230722_SUBC_251,0.67,Hb2
CACAACATCGCCTTTG_pTub,134 PH-ant-LHA Otp Bsx Glut,CS20230722_SUBC_134,0.6,pTub
CACAACATCTCTATAC_vFb.Prog2,045 OB-STR-CTX Inh IMN,CS20230722_SUBC_045,0.99,vFb.Prog2
CACCGTTCAGACACCC_vFb.Prog2,101 ZI Pax6 Gaba,CS20230722_SUBC_101,0.85,vFb.Prog2
CACCGTTCAGGTATGG_pTub,134 PH-ant-LHA Otp Bsx Glut,CS20230722_SUBC_134,0.79,pTub
CACCGTTTCCATCTCG_Hb1,251 NTS Dbh Glut,CS20230722_SUBC_251,0.93,Hb1
CACGGGTGTTATGTCG_Hb1,251 NTS Dbh Glut,CS20230722_SUBC_251,0.98,Hb1
CACGTGGTCCGTTTCG_PrT,045 OB-STR-CTX Inh IMN,CS20230722_SUBC_045,0.62,PrT
CACGTTCTCAGAGCAG_Hyp3,038 DG-PIR Ex IMN,CS20230722_SUBC_038,0.67,Hyp3
CACTAAGTCTCCGAGG_vFb.Prog2,038 DG-PIR Ex IMN,CS20230722_SUBC_038,1.0,vFb.Prog2
CACTGAAAGCTGGCCT_DMX,252 DMX VII Tbx20 Chol,CS20230722_SUBC_252,0.79,DMX
CACTGAATCTCGCCTA_Hb1,251 NTS Dbh Glut,CS20230722_SUBC_251,0.84,Hb1
CACTTCGAGAAACTGT_vFb.Prog2,038 DG-PIR Ex IMN,CS20230722_SUBC_038,1.0,vFb.Prog2
CACTTCGTCAGTCTTT_Hyp2,045 OB-STR-CTX Inh IMN,CS20230722_SUBC_045,0.98,Hyp2
CAGCACGCATCCCACT_Hb1,251 NTS Dbh Glut,CS20230722_SUBC_251,0.92,Hb1
CAGCACGTCCTCTTTC_pTub,134 PH-ant-LHA Otp Bsx Glut,CS20230722_SUBC_134,0.89,pTub
CAGCACGTCTCGCGTT_vFb.Prog2,045 OB-STR-CTX Inh IMN,CS20230722_SUBC_045,0.82,vFb.Prog2
CAGCAGCTCGTGTCAA_Hb1,251 NTS Dbh Glut,CS20230722_SUBC_251,0.8,Hb1
CAGCGTGTCCCGAAAT_vFb.Prog2,251 NTS Dbh Glut,CS20230722_SUBC_251,0.63,vFb.Prog2
CAGGTATGTCGCATGC_OB,044 OB Dopa-Gaba,CS20230722_SUBC_044,0.66,OB
CAGTTAGCACTAGAGG_Hb2,251 NTS Dbh Glut,CS20230722_SUBC_251,0.69,Hb2
CAGTTAGTCTTACACT_vFb.Prog1,045 OB-STR-CTX Inh IMN,CS20230722_SUBC_045,0.96,vFb.Prog1
CAGTTCCTCTAGCCAA_vFb.Prog1,101 ZI Pax6 Gaba,CS20230722_SUBC_101,0.57,vFb.Prog1
CATAAGCTCACGGTCG_Hyp2,045 OB-STR-CTX Inh IMN,CS20230722_SUBC_045,0.88,Hyp2
CATCCCAGTTGTGGAG_Hb1,251 NTS Dbh Glut,CS20230722_SUBC_251,0.53,Hb1
CATCGGGAGAAGATCT_Hb1,251 NTS Dbh Glut,CS20230722_SUBC_251,0.81,Hb1
CATCGGGAGGGCAGTT_vFb.Prog2,038 DG-PIR Ex IMN,CS20230722_SUBC_038,1.0,vFb.Prog2
CATCGGGGTGCTGATT_Hb1,251 NTS Dbh Glut,CS20230722_SUBC_251,0.72,Hb1
CATCGTCAGTTGCGAG_Hyp3,045 OB-STR-CTX Inh IMN,CS20230722_SUBC_045,0.55,Hyp3
CATGCAAAGTCGCTAT_Hb1,251 NTS Dbh Glut,CS20230722_SUBC_251,0.91,Hb1
CATGCAATCTAGGCCG_Hb1,251 NTS Dbh Glut,CS20230722_SUBC_251,0.99,Hb1
CATGCTCCAGCGTACC_Hb2,251 NTS Dbh Glut,CS20230722_SUBC_251,0.83,Hb2
CATGGATAGCCTTTGA_pTub,237 PRP-NI-PRNc-GRN Otp Glut,CS20230722_SUBC_237,0.59,pTub
CATGGTACAAATACAG_Cb,045 OB-STR-CTX Inh IMN,CS20230722_SUBC_045,1.0,Cb
CATGGTAGTCGCATGC_Hb1,238 NTS Phox2b Glut,CS20230722_SUBC_238,0.57,Hb1
CATTCATCACCGTCGA_Hb1,251 NTS Dbh Glut,CS20230722_SUBC_251,0.82,Hb1
CATTCTAAGAGAGCAA_Hb2,238 NTS Phox2b Glut,CS20230722_SUBC_238,0.5,Hb2
CATTCTAAGCGTATAA_Hb2,251 NTS Dbh Glut,CS20230722_SUBC_251,0.91,Hb2
CATTCTAGTACGCGTC_Hb2,251 NTS Dbh Glut,CS20230722_SUBC_251,0.82,Hb2
CCAATGATCTTACTGT_Hyp2,045 OB-STR-CTX Inh IMN,CS20230722_SUBC_045,1.0,Hyp2
CCACAAAGTCGCCACA_vFb.Prog2,045 OB-STR-CTX Inh IMN,CS20230722_SUBC_045,0.84,vFb.Prog2
CCACCATAGGATACAT_vFb.Prog2,101 ZI Pax6 Gaba,CS20230722_SUBC_101,0.9,vFb.Prog2
CCACGTTCACAGTGTT_Hb1,251 NTS Dbh Glut,CS20230722_SUBC_251,0.85,Hb1
CCACTTGTCACTCTTA_Hb1,251 NTS Dbh Glut,CS20230722_SUBC_251,0.88,Hb1
CCATAAGCACTATCCC_Hb3,238 NTS Phox2b Glut,CS20230722_SUBC_238,0.52,Hb3
CCATCACTCCTCTCGA_Hb2,251 NTS Dbh Glut,CS20230722_SUBC_251,0.86,Hb2
CCCATTGCATGTCAGT_vFb.Prog1,045 OB-STR-CTX Inh IMN,CS20230722_SUBC_045,0.68,vFb.Prog1
CCCGAAGAGCACCGTC_Hb1,251 NTS Dbh Glut,CS20230722_SUBC_251,0.96,Hb1
CCCGGAAAGTTGGCGA_Cb,045 OB-STR-CTX Inh IMN,CS20230722_SUBC_045,0.79,Cb
CCCTAACCAAACCACT_vFb.Prog1,045 OB-STR-CTX Inh IMN,CS20230722_SUBC_045,0.96,vFb.Prog1
CCCTAACCAACGACAG_Hb1,251 NTS Dbh Glut,CS20230722_SUBC_251,0.88,Hb1
CCCTAACTCCAACACA_pTub,134 PH-ant-LHA Otp Bsx Glut,CS20230722_SUBC_134,0.53,pTub
CCCTGATAGAGAGGGC_vFb.Prog1,045 OB-STR-CTX Inh IMN,CS20230722_SUBC_045,0.74,vFb.Prog1
CCCTTAGCACTTTATC_Hb1,251 NTS Dbh Glut,CS20230722_SUBC_251,0.91,Hb1
CCGAACGGTTCCCACT_OB,044 OB Dopa-Gaba,CS20230722_SUBC_044,0.6,OB
CCGATCTAGAGCCATG_Hb2,251 NTS Dbh Glut,CS20230722_SUBC_251,0.92,Hb2
CCGATCTTCATCACTT_Hb2,251 NTS Dbh Glut,CS20230722_SUBC_251,0.75,Hb2
CCGATGGTCGGATAAA_Hb2,251 NTS Dbh Glut,CS20230722_SUBC_251,0.94,Hb2
CCGGACAGTGATTGGG_pTub,251 NTS Dbh Glut,CS20230722_SUBC_251,0.58,pTub
CCGGACAGTTAAACAG_Hb2,251 NTS Dbh Glut,CS20230722_SUBC_251,0.99,Hb2
CCGGACATCCAAAGGG_Hb2,251 NTS Dbh Glut,CS20230722_SUBC_251,0.9,Hb2
CCGGTGAGTTGCAAGG_Hb2,251 NTS Dbh Glut,CS20230722_SUBC_251,0.67,Hb2
CCGTGAGAGCCTGAAG_Hyp2,045 OB-STR-CTX Inh IMN,CS20230722_SUBC_045,0.98,Hyp2
CCGTTCAAGCCTCTGG_Hb2,251 NTS Dbh Glut,CS20230722_SUBC_251,0.83,Hb2
CCTAAGATCTTTGCAT_Hyp1,045 OB-STR-CTX Inh IMN,CS20230722_SUBC_045,0.74,Hyp1
CCTCAACTCTATTCGT_Hb1,251 NTS Dbh Glut,CS20230722_SUBC_251,0.86,Hb1
CCTCAGTAGGACAAGA_pTub,134 PH-ant-LHA Otp Bsx Glut,CS20230722_SUBC_134,0.63,pTub
CCTCATGTCTAGTTCT_vFb.Prog1,045 OB-STR-CTX Inh IMN,CS20230722_SUBC_045,0.6,vFb.Prog1
CCTCCAAAGGGCAATC_Hb2,251 NTS Dbh Glut,CS20230722_SUBC_251,0.96,Hb2
CCTCCAAAGGTATCTC_Hb2,251 NTS Dbh Glut,CS20230722_SUBC_251,0.89,Hb2
CCTCCAAGTGCATTAC_Hb2,251 NTS Dbh Glut,CS20230722_SUBC_251,0.6,Hb2
CCTCCAATCAGGAGAC_Hb2,251 NTS Dbh Glut,CS20230722_SUBC_251,0.89,Hb2
CCTCCAATCCGTGCGA_pTub,134 PH-ant-LHA Otp Bsx Glut,CS20230722_SUBC_134,0.66,pTub
CCTCCTCTCATTCGGA_vFb.Prog1,101 ZI Pax6 Gaba,CS20230722_SUBC_101,0.65,vFb.Prog1
CCTCTAGAGTCAGCCC_Hb2,251 NTS Dbh Glut,CS20230722_SUBC_251,0.59,Hb2
CCTCTAGTCGTTCTAT_Hb2,251 NTS Dbh Glut,CS20230722_SUBC_251,0.97,Hb2
CCTGTTGTCTGCATAG_Hb2,251 NTS Dbh Glut,CS20230722_SUBC_251,0.76,Hb2
CCTTGTGGTTGAGGAC_Hb3,251 NTS Dbh Glut,CS20230722_SUBC_251,0.66,Hb3
CCTTTGGAGGAAAGTG_vFb.Prog1,101 ZI Pax6 Gaba,CS20230722_SUBC_101,0.56,vFb.Prog1
CGAAGTTGTAGTGTGG_Hb1,251 NTS Dbh Glut,CS20230722_SUBC_251,0.57,Hb1
CGAAGTTTCATGCAGT_Hb2,251 NTS Dbh Glut,CS20230722_SUBC_251,0.95,Hb2
CGAATTGTCATGTCAG_Hb1,251 NTS Dbh Glut,CS20230722_SUBC_251,0.78,Hb1
CGACAGCGTAACTAAG_OB,044 OB Dopa-Gaba,CS20230722_SUBC_044,0.51,OB
CGAGAAGTCTGATGGT_PrT,202 PRT Tcf7l2 Gaba,CS20230722_SUBC_202,0.74,PrT
CGAGTGCTCTCGTGAA_Hb1,251 NTS Dbh Glut,CS20230722_SUBC_251,0.94,Hb1
CGATCGGAGACAACTA_pTub,237 PRP-NI-PRNc-GRN Otp Glut,CS20230722_SUBC_237,0.86,pTub
CGATCGGAGCATTTCG_Hyp1,045 OB-STR-CTX Inh IMN,CS20230722_SUBC_045,0.5,Hyp1
CGATGCGAGTAGAGTT_Hb2,251 NTS Dbh Glut,CS20230722_SUBC_251,0.91,Hb2
CGATGCGGTTGGTGTT_PrT,202 PRT Tcf7l2 Gaba,CS20230722_SUBC_202,0.86,PrT
CGATGGCAGTCGCTAT_Hyp2,038 DG-PIR Ex IMN,CS20230722_SUBC_038,0.99,Hyp2
CGATGGCCAGCACACC_Hb2,251 NTS Dbh Glut,CS20230722_SUBC_251,0.93,Hb2
CGATGGCGTACATACC_vFb.Prog1,101 ZI Pax6 Gaba,CS20230722_SUBC_101,0.53,vFb.Prog1
CGCCATTCACTGGCGT_Hb2,251 NTS Dbh Glut,CS20230722_SUBC_251,0.85,Hb2
CGCGTGAGTATCCTCC_vFb.Prog1,038 DG-PIR Ex IMN,CS20230722_SUBC_038,0.96,vFb.Prog1
CGGAATTGTTGGCCGT_PrT,202 PRT Tcf7l2 Gaba,CS20230722_SUBC_202,0.64,PrT
CGGACACGTGGTCTAT_Hyp2,045 OB-STR-CTX Inh IMN,CS20230722_SUBC_045,1.0,Hyp2
CGGAGAAGTATAGGGC_DMX,252 DMX VII Tbx20 Chol,CS20230722_SUBC_252,0.52,DMX
CGGCAGTCATTCTGTT_Cb,045 OB-STR-CTX Inh IMN,CS20230722_SUBC_045,0.92,Cb
CGGGACTCATGACCCG_Hb2,251 NTS Dbh Glut,CS20230722_SUBC_251,0.79,Hb2
CGGGACTTCCTACGAA_pTub,251 NTS Dbh Glut,CS20230722_SUBC_251,0.72,pTub
CGGGTGTGTCATATGC_vFb.Prog1,101 ZI Pax6 Gaba,CS20230722_SUBC_101,0.5,vFb.Prog1
CGGTCAGGTAGCTTTG_Hb1,251 NTS Dbh Glut,CS20230722_SUBC_251,0.86,Hb1
CGGTCAGGTCTGTCCT_DMX,252 DMX VII Tbx20 Chol,CS20230722_SUBC_252,0.68,DMX
CGTAATGTCGTCGCTT_vFb.Prog1,045 OB-STR-CTX Inh IMN,CS20230722_SUBC_045,0.75,vFb.Prog1
CGTAGTACACATCCCT_vFb.Prog2,038 DG-PIR Ex IMN,CS20230722_SUBC_038,1.0,vFb.Prog2
CGTCCATGTCCCGCAA_pTub,251 NTS Dbh Glut,CS20230722_SUBC_251,0.82,pTub
CGTGCTTAGGTCCGAA_Hb2,251 NTS Dbh Glut,CS20230722_SUBC_251,0.81,Hb2
CGTGTCTAGATGCTAA_Hb1,251 NTS Dbh Glut,CS20230722_SUBC_251,0.8,Hb1
CGTTAGACACTAAACC_Hyp1,045 OB-STR-CTX Inh IMN,CS20230722_SUBC_045,0.84,Hyp1
CTAACTTAGGAATTAC_Hb1,251 NTS Dbh Glut,CS20230722_SUBC_251,0.81,Hb1
CTAACTTCATCGATCA_Hb2,251 NTS Dbh Glut,CS20230722_SUBC_251,0.98,Hb2
CTACAGAAGCCATTGT_Hb1,251 NTS Dbh Glut,CS20230722_SUBC_251,0.72,Hb1
CTACAGAGTTAGTTCG_PrT,202 PRT Tcf7l2 Gaba,CS20230722_SUBC_202,0.55,PrT
CTACCTGAGCGGTAAC_Cb,045 OB-STR-CTX Inh IMN,CS20230722_SUBC_045,0.88,Cb
CTACCTGCAAGATCCT_Hb3,238 NTS Phox2b Glut,CS20230722_SUBC_238,0.65,Hb3
CTACTATCATGTTCGA_vFb.Prog1,044 OB Dopa-Gaba,CS20230722_SUBC_044,0.53,vFb.Prog1
CTACTATCATTGAAAG_Hb1,251 NTS Dbh Glut,CS20230722_SUBC_251,0.97,Hb1
CTAGACAGTGAGTTTC_Hb1,251 NTS Dbh Glut,CS20230722_SUBC_251,0.87,Hb1
CTATCTACAATCGCGC_Hyp1,038 DG-PIR Ex IMN,CS20230722_SUBC_038,1.0,Hyp1
CTCAACCTCCACAAGT_DMX,252 DMX VII Tbx20 Chol,CS20230722_SUBC_252,0.88,DMX
CTCACTGAGGAACATT_OB,045 OB-STR-CTX Inh IMN,CS20230722_SUBC_045,0.66,OB
CTCAGAATCATCGGGC_Hyp1,045 OB-STR-CTX Inh IMN,CS20230722_SUBC_045,0.98,Hyp1
CTCAGGGGTCACCCTT_Hb1,251 NTS Dbh Glut,CS20230722_SUBC_251,0.77,Hb1
CTCAGTCAGAACAGGA_Hb2,251 NTS Dbh Glut,CS20230722_SUBC_251,0.63,Hb2
CTCATCGGTTTACTGG_OB,044 OB Dopa-Gaba,CS20230722_SUBC_044,0.74,OB
CTCATTATCTCGACCT_Hb1,251 NTS Dbh Glut,CS20230722_SUBC_251,0.66,Hb1
CTCCAACAGGTCCGAA_Hb2,251 NTS Dbh Glut,CS20230722_SUBC_251,0.71,Hb2
CTCCATGCAATGTGGG_Hb2,251 NTS Dbh Glut,CS20230722_SUBC_251,0.81,Hb2
CTCCCTCAGGGCCCTT_Hb1,251 NTS Dbh Glut,CS20230722_SUBC_251,0.63,Hb1
CTCCTTTAGCTGCGAA_vFb.Prog1,038 DG-PIR Ex IMN,CS20230722_SUBC_038,0.98,vFb.Prog1
CTCCTTTAGGTCTACT_Hyp2,045 OB-STR-CTX Inh IMN,CS20230722_SUBC_045,0.94,Hyp2
CTCGAGGCACGTAACT_Hb2,238 NTS Phox2b Glut,CS20230722_SUBC_238,0.57,Hb2
CTCTCAGGTTCCTTGC_OB,044 OB Dopa-Gaba,CS20230722_SUBC_044,0.75,OB
CTGAATGGTGACAACG_Hb1,251 NTS Dbh Glut,CS20230722_SUBC_251,0.88,Hb1
CTGAGCGTCTCGTCAC_PrT,202 PRT Tcf7l2 Gaba,CS20230722_SUBC_202,0.53,PrT
CTGATCCGTGTCCTAA_Hb1,251 NTS Dbh Glut,CS20230722_SUBC_251,0.88,Hb1
CTGATCCTCATGGGAG_Hb1,251 NTS Dbh Glut,CS20230722_SUBC_251,0.92,Hb1
CTGCAGGCATCCTTGC_pTub,134 PH-ant-LHA Otp Bsx Glut,CS20230722_SUBC_134,0.53,pTub
CTGCAGGTCTTGAACG_vFb.Prog2,038 DG-PIR Ex IMN,CS20230722_SUBC_038,1.0,vFb.Prog2
CTGCCATCACGCTATA_Hb1,251 NTS Dbh Glut,CS20230722_SUBC_251,0.95,Hb1
CTGCCATGTCAGTTTG_DMX,252 DMX VII Tbx20 Chol,CS20230722_SUBC_252,0.6,DMX
CTGCGAGTCGCAACAT_Hb2,251 NTS Dbh Glut,CS20230722_SUBC_251,0.9,Hb2
CTGCTCAAGAGAGTTT_Hyp2,045 OB-STR-CTX Inh IMN,CS20230722_SUBC_045,0.91,Hyp2
CTGCTCAGTAAGTAGT_Hyp2,038 DG-PIR Ex IMN,CS20230722_SUBC_038,1.0,Hyp2
CTGGACGCAGTTAAAG_Hb1,251 NTS Dbh Glut,CS20230722_SUBC_251,0.93,Hb1
CTGGCAGAGGAACGAA_Hb2,251 NTS Dbh Glut,CS20230722_SUBC_251,0.95,Hb2
CTGGTCTCACTACAGT_Hb1,251 NTS Dbh Glut,CS20230722_SUBC_251,0.89,Hb1
CTGTAGATCATCTATC_Hyp3,045 OB-STR-CTX Inh IMN,CS20230722_SUBC_045,0.86,Hyp3
CTGTGAACAACTCATG_Cb,045 OB-STR-CTX Inh IMN,CS20230722_SUBC_045,0.9,Cb
CTGTGGGTCAAGCCAT_Hyp1,038 DG-PIR Ex IMN,CS20230722_SUBC_038,1.0,Hyp1
CTTACCGGTAACGGTG_pTub,134 PH-ant-LHA Otp Bsx Glut,CS20230722_SUBC_134,0.54,pTub
CTTAGGAAGTTGCTGT_Cb,045 OB-STR-CTX Inh IMN,CS20230722_SUBC_045,0.96,Cb
CTTCCGAGTGGACCAA_Hb2,251 NTS Dbh Glut,CS20230722_SUBC_251,0.86,Hb2
CTTCCGAGTTGTCTAG_Hb2,251 NTS Dbh Glut,CS20230722_SUBC_251,0.82,Hb2
CTTCGGTAGAATTGCA_Hb3,238 NTS Phox2b Glut,CS20230722_SUBC_238,0.79,Hb3
CTTGAGAGTCTTTATC_Hb1,251 NTS Dbh Glut,CS20230722_SUBC_251,0.55,Hb1
CTTTCAAAGCGATGCA_vFb.Prog1,045 OB-STR-CTX Inh IMN,CS20230722_SUBC_045,0.56,vFb.Prog1
GAAACCTAGCTGCGAA_Hb1,251 NTS Dbh Glut,CS20230722_SUBC_251,0.75,Hb1
GAAACCTCAGCCTACG_pTub,237 PRP-NI-PRNc-GRN Otp Glut,CS20230722_SUBC_237,0.79,pTub
GAACACTGTGCTGATT_Hb3,251 NTS Dbh Glut,CS20230722_SUBC_251,0.54,Hb3
GAAGAATAGATGACCG_Hb1,251 NTS Dbh Glut,CS20230722_SUBC_251,0.82,Hb1
GAAGAATCATATACCG_vFb.Prog1,101 ZI Pax6 Gaba,CS20230722_SUBC_101,0.86,vFb.Prog1
GAAGCGAGTGCGGCTT_Hb1,251 NTS Dbh Glut,CS20230722_SUBC_251,0.98,Hb1
GAAGGACGTCTACGAT_OB,045 OB-STR-CTX Inh IMN,CS20230722_SUBC_045,0.62,OB
GAATCACCAGTAGAAT_Hb1,251 NTS Dbh Glut,CS20230722_SUBC_251,0.99,Hb1
GAATCACTCCATCCGT_Hb1,251 NTS Dbh Glut,CS20230722_SUBC_251,0.97,Hb1
GAATCGTTCACCATGA_Hb2,251 NTS Dbh Glut,CS20230722_SUBC_251,0.87,Hb2
GACATCATCACTGGTA_pTub,134 PH-ant-LHA Otp Bsx Glut,CS20230722_SUBC_134,0.56,pTub
GACCCTTCATAACGGG_Hb2,251 NTS Dbh Glut,CS20230722_SUBC_251,0.94,Hb2
GACCTTCAGACCTGGA_Hb3,238 NTS Phox2b Glut,CS20230722_SUBC_238,0.72,Hb3
GACCTTCTCTGGGCGT_PrT,202 PRT Tcf7l2 Gaba,CS20230722_SUBC_202,0.55,PrT
GACGCTGTCAACGCTA_Hb2,251 NTS Dbh Glut,CS20230722_SUBC_251,0.98,Hb2
GACGTTATCTTCTCAA_pTub,251 NTS Dbh Glut,CS20230722_SUBC_251,0.52,pTub
GACTGATGTATCTCTT_Hb2,251 NTS Dbh Glut,CS20230722_SUBC_251,0.97,Hb2
GACTGATTCAGGACAG_vFb.Prog2,101 ZI Pax6 Gaba,CS20230722_SUBC_101,0.74,vFb.Prog2
GAGACCCGTAGGCTCC_vFb.Prog2,045 OB-STR-CTX Inh IMN,CS20230722_SUBC_045,0.95,vFb.Prog2
GAGCCTGAGTAAGACT_Hb1,251 NTS Dbh Glut,CS20230722_SUBC_251,0.88,Hb1
GAGCCTGTCAGGAGAC_pTub,134 PH-ant-LHA Otp Bsx Glut,CS20230722_SUBC_134,0.52,pTub
GAGCCTGTCGTGGAAG_PrT,202 PRT Tcf7l2 Gaba,CS20230722_SUBC_202,0.55,PrT
GAGCTGCGTTAGGGTG_Hb1,251 NTS Dbh Glut,CS20230722_SUBC_251,0.61,Hb1
GAGGCAAAGAATAGTC_vFb.Prog2,101 ZI Pax6 Gaba,CS20230722_SUBC_101,0.53,vFb.Prog2
GAGGCAACAGGAGGAG_Hyp3,251 NTS Dbh Glut,CS20230722_SUBC_251,0.6,Hyp3
GAGGCCTGTACAGGTG_vFb.Prog1,045 OB-STR-CTX Inh IMN,CS20230722_SUBC_045,0.79,vFb.Prog1
GAGGCCTGTACCAGAG_Hb3,238 NTS Phox2b Glut,CS20230722_SUBC_238,0.52,Hb3
GAGTCTATCACCTTAT_Hb2,251 NTS Dbh Glut,CS20230722_SUBC_251,0.94,Hb2
GAGTGAGTCATTCATC_vFb.Prog1,101 ZI Pax6 Gaba,CS20230722_SUBC_101,0.67,vFb.Prog1
GAGTGTTCACTTGGGC_Hb1,251 NTS Dbh Glut,CS20230722_SUBC_251,0.6,Hb1
GAGTTTGCAACTGAAA_Hb2,251 NTS Dbh Glut,CS20230722_SUBC_251,0.58,Hb2
GATAGAACAACGGGTA_Hyp2,045 OB-STR-CTX Inh IMN,CS20230722_SUBC_045,1.0,Hyp2
GATAGAATCCTGTAAG_OB,045 OB-STR-CTX Inh IMN,CS20230722_SUBC_045,0.66,OB
GATCACAAGGAGCTGT_Hb1,251 NTS Dbh Glut,CS20230722_SUBC_251,0.9,Hb1
GATCAGTAGGTCACAG_vFb.Prog1,101 ZI Pax6 Gaba,CS20230722_SUBC_101,0.54,vFb.Prog1
GATCAGTCATCTAGAC_vFb.Prog1,045 OB-STR-CTX Inh IMN,CS20230722_SUBC_045,0.9,vFb.Prog1
GATCATGAGGTCCCTG_Hb1,251 NTS Dbh Glut,CS20230722_SUBC_251,0.97,Hb1
GATGACTTCCCTCATG_Hyp2,045 OB-STR-CTX Inh IMN,CS20230722_SUBC_045,1.0,Hyp2
GATGCTACAGGAGACT_Hyp1,045 OB-STR-CTX Inh IMN,CS20230722_SUBC_045,0.64,Hyp1
GATGCTACATCTGTTT_vFb.Prog1,045 OB-STR-CTX Inh IMN,CS20230722_SUBC_045,0.74,vFb.Prog1
GATGGAGTCTGTACAG_Hb2,251 NTS Dbh Glut,CS20230722_SUBC_251,0.92,Hb2
GATGTTGAGCTACAAA_Hb2,251 NTS Dbh Glut,CS20230722_SUBC_251,0.67,Hb2
GATTCTTGTCCCTCAT_Hyp1,045 OB-STR-CTX Inh IMN,CS20230722_SUBC_045,0.93,Hyp1
GATTCTTTCGTTCTAT_Hb1,251 NTS Dbh Glut,CS20230722_SUBC_251,0.82,Hb1
GATTGGTAGCCTTCTC_vFb.Prog1,044 OB Dopa-Gaba,CS20230722_SUBC_044,0.68,vFb.Prog1
GATTTCTAGAACCGCA_vFb.Prog1,251 NTS Dbh Glut,CS20230722_SUBC_251,0.53,vFb.Prog1
GCAACCGCACAGGATG_PrT,202 PRT Tcf7l2 Gaba,CS20230722_SUBC_202,0.53,PrT
GCACGGTAGATGACAT_Hb1,251 NTS Dbh Glut,CS20230722_SUBC_251,0.58,Hb1
GCAGCCATCACCATAG_Hb2,251 NTS Dbh Glut,CS20230722_SUBC_251,0.92,Hb2
GCAGTTATCGATACAC_Hyp1,045 OB-STR-CTX Inh IMN,CS20230722_SUBC_045,1.0,Hyp1
GCATGATGTAACAGGC_vFb.Prog2,045 OB-STR-CTX Inh IMN,CS20230722_SUBC_045,0.77,vFb.Prog2
GCATGATGTTGAGTCT_Hb1,251 NTS Dbh Glut,CS20230722_SUBC_251,0.96,Hb1
GCCAGTGCATGACCCG_Hb2,251 NTS Dbh Glut,CS20230722_SUBC_251,0.86,Hb2
GCCATGGGTTACGATC_Hb1,251 NTS Dbh Glut,CS20230722_SUBC_251,1.0,Hb1
GCCGATGCAGGTGACA_Hb1,251 NTS Dbh Glut,CS20230722_SUBC_251,0.94,Hb1
GCGAGAATCCTTCTTC_vFb.Prog2,045 OB-STR-CTX Inh IMN,CS20230722_SUBC_045,0.71,vFb.Prog2
GCGATCGTCAGTCATG_Hb1,251 NTS Dbh Glut,CS20230722_SUBC_251,0.81,Hb1
GCGTGCACAGATTCGT_Hb1,251 NTS Dbh Glut,CS20230722_SUBC_251,0.89,Hb1
GCGTTTCCACGCGTCA_Hb1,251 NTS Dbh Glut,CS20230722_SUBC_251,0.97,Hb1
GCGTTTCTCGGCCAAC_Hyp1,251 NTS Dbh Glut,CS20230722_SUBC_251,0.78,Hyp1
GCTACAAAGCAGGCTA_Hb2,251 NTS Dbh Glut,CS20230722_SUBC_251,1.0,Hb2
GCTACCTTCCCTCATG_vFb.Prog1,045 OB-STR-CTX Inh IMN,CS20230722_SUBC_045,0.93,vFb.Prog1
GCTACCTTCCGCTGTT_vFb.Prog2,045 OB-STR-CTX Inh IMN,CS20230722_SUBC_045,0.96,vFb.Prog2
GCTCAAACACAAAGCG_PrT,202 PRT Tcf7l2 Gaba,CS20230722_SUBC_202,0.6,PrT
GCTGAATCAGTTGTTG_Hb1,251 NTS Dbh Glut,CS20230722_SUBC_251,0.95,Hb1
GCTGAATGTGATTGGG_pTub,134 PH-ant-LHA Otp Bsx Glut,CS20230722_SUBC_134,0.55,pTub
GCTGCAGAGCGTGCTC_Hb1,251 NTS Dbh Glut,CS20230722_SUBC_251,0.98,Hb1
GCTGCAGAGTGCTACT_Hb2,251 NTS Dbh Glut,CS20230722_SUBC_251,0.5,Hb2
GCTGCAGGTGACTCTA_Hb2,251 NTS Dbh Glut,CS20230722_SUBC_251,0.8,Hb2
GCTTTCGGTGTACGCC_vFb.Prog1,101 ZI Pax6 Gaba,CS20230722_SUBC_101,0.77,vFb.Prog1
GGAACCCGTGGACAGT_Hb1,251 NTS Dbh Glut,CS20230722_SUBC_251,0.99,Hb1
GGAACCCTCATCTACT_Hb1,251 NTS Dbh Glut,CS20230722_SUBC_251,0.98,Hb1
GGAACCCTCGTAGAGG_Hb3,238 NTS Phox2b Glut,CS20230722_SUBC_238,0.55,Hb3
GGAATGGAGGAGGGTG_Cb,038 DG-PIR Ex IMN,CS20230722_SUBC_038,0.99,Cb
GGAGATGTCCCGAACG_vFb.Prog1,101 ZI Pax6 Gaba,CS20230722_SUBC_101,0.6,vFb.Prog1
GGAGATGTCGAGTACT_Hb3,251 NTS Dbh Glut,CS20230722_SUBC_251,0.8,Hb3
GGATCTACACATATCG_vFb.Prog2,045 OB-STR-CTX Inh IMN,CS20230722_SUBC_045,0.65,vFb.Prog2
GGATCTAGTAGGCTGA_vFb.Prog2,251 NTS Dbh Glut,CS20230722_SUBC_251,0.57,vFb.Prog2
GGCTGTGCACGAAAGC_PrT,202 PRT Tcf7l2 Gaba,CS20230722_SUBC_202,0.83,PrT
GGCTTTCAGCTGTGCC_Cb,045 OB-STR-CTX Inh IMN,CS20230722_SUBC_045,0.97,Cb
GGGAAGTCAGCTGTAT_Hb1,251 NTS Dbh Glut,CS20230722_SUBC_251,0.94,Hb1
GGGAAGTGTCCGCAGT_Hb2,251 NTS Dbh Glut,CS20230722_SUBC_251,0.69,Hb2
GGGACCTCAGGTCCCA_Hb2,251 NTS Dbh Glut,CS20230722_SUBC_251,0.7,Hb2
GGGACTCGTCCCTGAG_Hyp1,045 OB-STR-CTX Inh IMN,CS20230722_SUBC_045,0.84,Hyp1
GGGAGATCATGAGATA_Hyp2,045 OB-STR-CTX Inh IMN,CS20230722_SUBC_045,1.0,Hyp2
GGGAGTACATCAACCA_Hyp3,045 OB-STR-CTX Inh IMN,CS20230722_SUBC_045,0.9,Hyp3
GGGAGTAGTTAGGCCC_pTub,134 PH-ant-LHA Otp Bsx Glut,CS20230722_SUBC_134,0.66,pTub
GGGATCCAGTGTTGAA_PrT,202 PRT Tcf7l2 Gaba,CS20230722_SUBC_202,0.67,PrT
GGGATCCGTGTAACGG_Hb3,238 NTS Phox2b Glut,CS20230722_SUBC_238,0.6,Hb3
GGGCGTTAGCCGGAAT_pTub,134 PH-ant-LHA Otp Bsx Glut,CS20230722_SUBC_134,0.6,pTub
GGGCGTTCACCAAAGG_Cb,045 OB-STR-CTX Inh IMN,CS20230722_SUBC_045,1.0,Cb
GGGCGTTTCGGCAGTC_Hyp3,045 OB-STR-CTX Inh IMN,CS20230722_SUBC_045,0.78,Hyp3
GGGTCACTCTTCGTAT_pTub,134 PH-ant-LHA Otp Bsx Glut,CS20230722_SUBC_134,0.57,pTub
GGGTGAAAGCACTAGG_vFb.Prog2,101 ZI Pax6 Gaba,CS20230722_SUBC_101,0.51,vFb.Prog2
GGGTGTCCAACCTATG_Hb1,251 NTS Dbh Glut,CS20230722_SUBC_251,0.81,Hb1
GGGTTATTCAAGCCAT_pTub,251 NTS Dbh Glut,CS20230722_SUBC_251,0.7,pTub
GGGTTATTCACCTGGG_Hb1,251 NTS Dbh Glut,CS20230722_SUBC_251,0.97,Hb1
GGTAATCCACTGTCGG_Hb1,251 NTS Dbh Glut,CS20230722_SUBC_251,0.95,Hb1
GGTCACGGTCTAACGT_Hb2,251 NTS Dbh Glut,CS20230722_SUBC_251,0.86,Hb2
GGTCTGGCACACTGGC_Hb1,251 NTS Dbh Glut,CS20230722_SUBC_251,0.95,Hb1
GGTGAAGAGCATTTGC_DMX,252 DMX VII Tbx20 Chol,CS20230722_SUBC_252,0.58,DMX
GGTGAAGTCAGTGTGT_Hyp1,045 OB-STR-CTX Inh IMN,CS20230722_SUBC_045,1.0,Hyp1
GGTTAACTCTTAAGGC_OB,238 NTS Phox2b Glut,CS20230722_SUBC_238,0.51,OB
GGTTGTACATCTAACG_vFb.Prog2,251 NTS Dbh Glut,CS20230722_SUBC_251,0.75,vFb.Prog2
GGTTGTAGTACTAAGA_Hb1,251 NTS Dbh Glut,CS20230722_SUBC_251,0.6,Hb1
GTAACACAGGCTTTCA_Hb1,251 NTS Dbh Glut,CS20230722_SUBC_251,0.88,Hb1
GTAACACGTGCAGTGA_Hyp1,045 OB-STR-CTX Inh IMN,CS20230722_SUBC_045,0.97,Hyp1
GTAACCATCTCGAGTA_Hb1,251 NTS Dbh Glut,CS20230722_SUBC_251,0.76,Hb1
GTAAGTCTCCCAATAG_Hb1,251 NTS Dbh Glut,CS20230722_SUBC_251,0.65,Hb1
GTAATCGTCGGTTGTA_Hb1,251 NTS Dbh Glut,CS20230722_SUBC_251,0.93,Hb1
GTAATGCAGCTAGAGC_Hb1,251 NTS Dbh Glut,CS20230722_SUBC_251,0.98,Hb1
GTAGAGGAGTCACGAG_Hyp2,045 OB-STR-CTX Inh IMN,CS20230722_SUBC_045,1.0,Hyp2
GTAGAGGCAAGACGGT_OB,044 OB Dopa-Gaba,CS20230722_SUBC_044,0.84,OB
GTAGAGGGTCTCGCGA_Cb,045 OB-STR-CTX Inh IMN,CS20230722_SUBC_045,1.0,Cb
GTAGATCGTACTCAAC_vFb.Prog2,101 ZI Pax6 Gaba,CS20230722_SUBC_101,0.75,vFb.Prog2
GTATTGGAGGTGCGAT_Hb2,251 NTS Dbh Glut,CS20230722_SUBC_251,0.95,Hb2
GTATTGGCAATGAGCG_pTub,134 PH-ant-LHA Otp Bsx Glut,CS20230722_SUBC_134,0.57,pTub
GTATTGGCACCCTTAC_Cb,045 OB-STR-CTX Inh IMN,CS20230722_SUBC_045,0.91,Cb
GTCAAACAGGCCCGTT_Hb1,251 NTS Dbh Glut,CS20230722_SUBC_251,0.99,Hb1
GTCAAACCATGAAAGT_pTub,237 PRP-NI-PRNc-GRN Otp Glut,CS20230722_SUBC_237,0.74,pTub
GTCAAGTAGACTCTTG_vFb.Prog1,045 OB-STR-CTX Inh IMN,CS20230722_SUBC_045,1.0,vFb.Prog1
GTCACGGCAAATGATG_PrT,202 PRT Tcf7l2 Gaba,CS20230722_SUBC_202,0.52,PrT
GTCACGGCAGAATCGG_Hb1,251 NTS Dbh Glut,CS20230722_SUBC_251,0.88,Hb1
GTCACTCCATGACAAA_Hb1,251 NTS Dbh Glut,CS20230722_SUBC_251,0.92,Hb1
GTCATCCCAATACGCT_Hb1,251 NTS Dbh Glut,CS20230722_SUBC_251,0.93,Hb1
GTCATTTAGCCTGAAG_Hb2,251 NTS Dbh Glut,CS20230722_SUBC_251,0.88,Hb2
GTCATTTCATCTGTTT_vFb.Prog2,202 PRT Tcf7l2 Gaba,CS20230722_SUBC_202,0.57,vFb.Prog2
GTCCACTGTGCTCTCT_Hyp3,045 OB-STR-CTX Inh IMN,CS20230722_SUBC_045,0.93,Hyp3
GTCCTCATCCAGTTCC_Hb2,251 NTS Dbh Glut,CS20230722_SUBC_251,0.95,Hb2
GTCGAATCATACTGAC_pTub,237 PRP-NI-PRNc-GRN Otp Glut,CS20230722_SUBC_237,0.67,pTub
GTCGTAATCCACCTGT_vFb.Prog1,045 OB-STR-CTX Inh IMN,CS20230722_SUBC_045,0.64,vFb.Prog1
GTCGTTCCAATAGAGT_Hb1,251 NTS Dbh Glut,CS20230722_SUBC_251,0.94,Hb1
GTCTACCCATAGAAAC_Hyp1,045 OB-STR-CTX Inh IMN,CS20230722_SUBC_045,0.97,Hyp1
GTCTGTCGTAGTACGG_pTub,237 PRP-NI-PRNc-GRN Otp Glut,CS20230722_SUBC_237,0.78,pTub
GTGACGCCACTACCCT_Hb1,251 NTS Dbh Glut,CS20230722_SUBC_251,0.55,Hb1
GTGAGTTTCTGCGGCA_Hb2,251 NTS Dbh Glut,CS20230722_SUBC_251,0.94,Hb2
GTGCAGCGTGTGAATA_PrT,202 PRT Tcf7l2 Gaba,CS20230722_SUBC_202,0.83,PrT
GTGCGTGAGTTTGTCG_Hb2,251 NTS Dbh Glut,CS20230722_SUBC_251,0.95,Hb2
GTGCGTGTCCCATTCG_Hyp1,045 OB-STR-CTX Inh IMN,CS20230722_SUBC_045,0.89,Hyp1
GTGCTGGGTGACTATC_PrT,202 PRT Tcf7l2 Gaba,CS20230722_SUBC_202,0.52,PrT
GTGCTTCAGCTCCGAC_vFb.Prog1,101 ZI Pax6 Gaba,CS20230722_SUBC_101,0.53,vFb.Prog1
GTGGAAGCACTCCTTG_Hb1,251 NTS Dbh Glut,CS20230722_SUBC_251,0.89,Hb1
GTGTGATAGGCATCAG_Hb1,251 NTS Dbh Glut,CS20230722_SUBC_251,0.91,Hb1
GTTACCCAGAGATTCA_Hb2,251 NTS Dbh Glut,CS20230722_SUBC_251,0.72,Hb2
GTTACGAGTATGACAA_Hyp3,045 OB-STR-CTX Inh IMN,CS20230722_SUBC_045,0.68,Hyp3
GTTAGACCAGCAGACA_vFb.Prog2,038 DG-PIR Ex IMN,CS20230722_SUBC_038,1.0,vFb.Prog2
GTTATGGAGTCAGAGC_Hb1,251 NTS Dbh Glut,CS20230722_SUBC_251,0.79,Hb1
GTTCCGTAGACATAAC_Hb2,251 NTS Dbh Glut,CS20230722_SUBC_251,0.99,Hb2
GTTCGCTCAAATCCCA_PrT,202 PRT Tcf7l2 Gaba,CS20230722_SUBC_202,0.76,PrT
GTTCTATAGACTCTTG_Hb1,251 NTS Dbh Glut,CS20230722_SUBC_251,0.9,Hb1
GTTCTATTCTGTCTCG_Hb1,251 NTS Dbh Glut,CS20230722_SUBC_251,0.85,Hb1
GTTGTAGCAAGAGTTA_Hb2,251 NTS Dbh Glut,CS20230722_SUBC_251,0.67,Hb2
GTTGTAGTCACCATCC_PrT,202 PRT Tcf7l2 Gaba,CS20230722_SUBC_202,0.62,PrT
GTTTACTAGCCTCGTG_vFb.Prog2,101 ZI Pax6 Gaba,CS20230722_SUBC_101,0.82,vFb.Prog2
TAACGACAGATCACTC_vFb.Prog1,101 ZI Pax6 Gaba,CS20230722_SUBC_101,0.92,vFb.Prog1
TAACTTCCAGTCAGAG_OB,044 OB Dopa-Gaba,CS20230722_SUBC_044,0.72,OB
TAAGCACAGGGAACAA_vFb.Prog1,045 OB-STR-CTX Inh IMN,CS20230722_SUBC_045,0.72,vFb.Prog1
TAAGCACAGTTGAAAC_PrT,202 PRT Tcf7l2 Gaba,CS20230722_SUBC_202,0.59,PrT
TAAGCACTCATGGAGG_Hb2,251 NTS Dbh Glut,CS20230722_SUBC_251,0.95,Hb2
TAAGCACTCTTCTGTA_pTub,134 PH-ant-LHA Otp Bsx Glut,CS20230722_SUBC_134,0.54,pTub
TAAGCGTAGTAAGAGG_pTub,134 PH-ant-LHA Otp Bsx Glut,CS20230722_SUBC_134,0.79,pTub
TAAGTCGGTCGTCGGT_Hb1,251 NTS Dbh Glut,CS20230722_SUBC_251,0.95,Hb1
TAATTCCCAAAGTGTA_Hyp2,045 OB-STR-CTX Inh IMN,CS20230722_SUBC_045,0.78,Hyp2
TAATTCCCAGGTTTAC_Hb1,251 NTS Dbh Glut,CS20230722_SUBC_251,0.94,Hb1
TACAACGCACCACTGG_Hb1,251 NTS Dbh Glut,CS20230722_SUBC_251,0.8,Hb1
TACATTCAGATGGCAC_Hb2,251 NTS Dbh Glut,CS20230722_SUBC_251,0.9,Hb2
TACCCACAGCGAACTG_Hb2,251 NTS Dbh Glut,CS20230722_SUBC_251,0.78,Hb2
TACCCGTCAGCTCATA_vFb.Prog1,101 ZI Pax6 Gaba,CS20230722_SUBC_101,0.92,vFb.Prog1
TACCGGGCAGCCCACA_Hyp2,045 OB-STR-CTX Inh IMN,CS20230722_SUBC_045,1.0,Hyp2
TACCTCGGTACGTGTT_Hb1,251 NTS Dbh Glut,CS20230722_SUBC_251,0.95,Hb1
TACGGGCCATCAACCA_pTub,237 PRP-NI-PRNc-GRN Otp Glut,CS20230722_SUBC_237,0.61,pTub
TACGGGCCATTAGGCT_pTub,251 NTS Dbh Glut,CS20230722_SUBC_251,0.65,pTub
TACGTCCTCGCTGTTC_Hb1,251 NTS Dbh Glut,CS20230722_SUBC_251,0.63,Hb1
TACTTGTAGTGAGTGC_vFb.Prog2,045 OB-STR-CTX Inh IMN,CS20230722_SUBC_045,0.93,vFb.Prog2
TAGACTGAGGTTCTTG_Hb2,251 NTS Dbh Glut,CS20230722_SUBC_251,0.63,Hb2
TAGACTGCACCAAAGG_vFb.Prog2,101 ZI Pax6 Gaba,CS20230722_SUBC_101,0.83,vFb.Prog2
TAGATCGGTGACCGTC_Hb2,251 NTS Dbh Glut,CS20230722_SUBC_251,0.93,Hb2
TAGGAGGTCTCTTGCG_vFb.Prog2,044 OB Dopa-Gaba,CS20230722_SUBC_044,0.53,vFb.Prog2
TAGGGTTAGACCAAAT_Hb1,251 NTS Dbh Glut,CS20230722_SUBC_251,0.76,Hb1
TAGGTACGTACTCGAT_Hb1,251 NTS Dbh Glut,CS20230722_SUBC_251,0.96,Hb1
TAGGTTGTCATTCTTG_Hb1,251 NTS Dbh Glut,CS20230722_SUBC_251,0.87,Hb1
TAGTGCACAGAGGTAC_pTub,134 PH-ant-LHA Otp Bsx Glut,CS20230722_SUBC_134,0.91,pTub
TATACCTCATACATCG_Hyp2,045 OB-STR-CTX Inh IMN,CS20230722_SUBC_045,1.0,Hyp2
TATCCTATCTTTCCGG_pTub,237 PRP-NI-PRNc-GRN Otp Glut,CS20230722_SUBC_237,0.64,pTub
TATCTGTAGTTGTAGA_Hb1,251 NTS Dbh Glut,CS20230722_SUBC_251,0.96,Hb1
TATCTGTCATGGCGCT_Hyp3,045 OB-STR-CTX Inh IMN,CS20230722_SUBC_045,0.68,Hyp3
TATCTGTGTCATTCCC_vFb.Prog1,101 ZI Pax6 Gaba,CS20230722_SUBC_101,0.52,vFb.Prog1
TATCTTGTCGTGGACC_Hb2,251 NTS Dbh Glut,CS20230722_SUBC_251,0.98,Hb2
TATTTCGGTGACGCCT_Hb1,251 NTS Dbh Glut,CS20230722_SUBC_251,0.98,Hb1
TCAAGCAAGCGTTAGG_Hb1,251 NTS Dbh Glut,CS20230722_SUBC_251,0.97,Hb1
TCAAGCAGTGCTAGCC_Hb1,251 NTS Dbh Glut,CS20230722_SUBC_251,0.93,Hb1
TCAAGCATCGATGGAG_Hb2,251 NTS Dbh Glut,CS20230722_SUBC_251,0.8,Hb2
TCACACCCACATTCTT_Hb1,251 NTS Dbh Glut,CS20230722_SUBC_251,0.66,Hb1
TCACACCGTAGCCAGA_Cb,045 OB-STR-CTX Inh IMN,CS20230722_SUBC_045,0.97,Cb
TCACATTGTCGTTGGC_Hb1,251 NTS Dbh Glut,CS20230722_SUBC_251,0.86,Hb1
TCACGGGCACCGTCGA_PrT,202 PRT Tcf7l2 Gaba,CS20230722_SUBC_202,0.63,PrT
TCACGGGGTAGTATAG_Hb1,251 NTS Dbh Glut,CS20230722_SUBC_251,0.84,Hb1
TCACTATTCCGGGACT_Hb2,251 NTS Dbh Glut,CS20230722_SUBC_251,0.92,Hb2
TCAGCCTGTACCGTGC_Hb1,251 NTS Dbh Glut,CS20230722_SUBC_251,0.74,Hb1
TCAGGGCCATGCAGGA_Hb1,251 NTS Dbh Glut,CS20230722_SUBC_251,0.84,Hb1
TCAGTCCAGAAATCCA_pTub,237 PRP-NI-PRNc-GRN Otp Glut,CS20230722_SUBC_237,0.61,pTub
TCAGTCCTCCGAGAAG_Hb2,251 NTS Dbh Glut,CS20230722_SUBC_251,0.8,Hb2
TCAGTGAAGCCTATCA_PrT,202 PRT Tcf7l2 Gaba,CS20230722_SUBC_202,0.56,PrT
TCAGTTTCAGGGAATC_pTub,134 PH-ant-LHA Otp Bsx Glut,CS20230722_SUBC_134,0.8,pTub
TCAGTTTGTTCTGAGT_Hb1,251 NTS Dbh Glut,CS20230722_SUBC_251,0.88,Hb1
TCATACTAGTCTGGAG_vFb.Prog2,101 ZI Pax6 Gaba,CS20230722_SUBC_101,0.93,vFb.Prog2
TCATATCGTCGGAAAC_Hb2,251 NTS Dbh Glut,CS20230722_SUBC_251,0.73,Hb2
TCATCATGTTGTAGCT_Hb2,251 NTS Dbh Glut,CS20230722_SUBC_251,0.99,Hb2
TCATCCGAGTAGGCCA_Hb2,251 NTS Dbh Glut,CS20230722_SUBC_251,0.97,Hb2
TCATCCGCATTGGCAT_Hb3,238 NTS Phox2b Glut,CS20230722_SUBC_238,0.78,Hb3
TCATGCCAGAATTGTG_Hb1,251 NTS Dbh Glut,CS20230722_SUBC_251,0.91,Hb1
TCATGCCAGTTGGCGA_vFb.Prog2,045 OB-STR-CTX Inh IMN,CS20230722_SUBC_045,0.88,vFb.Prog2
TCATGCCCACCCTCTA_Hb1,251 NTS Dbh Glut,CS20230722_SUBC_251,0.92,Hb1
TCATGGACAGCGCTTG_Hb1,251 NTS Dbh Glut,CS20230722_SUBC_251,0.89,Hb1
TCATTACCATGGTGGA_Hb2,251 NTS Dbh Glut,CS20230722_SUBC_251,0.67,Hb2
TCATTGTAGATGCTAA_Hyp1,045 OB-STR-CTX Inh IMN,CS20230722_SUBC_045,0.77,Hyp1
TCATTGTCACGTTCGG_pTub,134 PH-ant-LHA Otp Bsx Glut,CS20230722_SUBC_134,0.78,pTub
TCATTTGCAAGCAGGT_Hb1,251 NTS Dbh Glut,CS20230722_SUBC_251,0.8,Hb1
TCATTTGTCCTACCGT_Hyp1,045 OB-STR-CTX Inh IMN,CS20230722_SUBC_045,0.72,Hyp1
TCCAGAAGTCTACATG_vFb.Prog1,045 OB-STR-CTX Inh IMN,CS20230722_SUBC_045,0.77,vFb.Prog1
TCCATGCGTCATCAGT_Hb1,251 NTS Dbh Glut,CS20230722_SUBC_251,0.67,Hb1
TCCATGCTCACCATCC_OB,044 OB Dopa-Gaba,CS20230722_SUBC_044,0.92,OB
TCCCACACAAGCTACT_Hb2,251 NTS Dbh Glut,CS20230722_SUBC_251,0.5,Hb2
TCCCACACATATCTCT_vFb.Prog2,045 OB-STR-CTX Inh IMN,CS20230722_SUBC_045,0.98,vFb.Prog2
TCCCACAGTGTCCGGT_Hb2,251 NTS Dbh Glut,CS20230722_SUBC_251,0.85,Hb2
TCCCAGTGTGATTCAC_vFb.Prog1,045 OB-STR-CTX Inh IMN,CS20230722_SUBC_045,0.87,vFb.Prog1
TCCCATGCACACCGAC_pTub,134 PH-ant-LHA Otp Bsx Glut,CS20230722_SUBC_134,0.53,pTub
TCCGGGAGTAAGTAGT_DMX,252 DMX VII Tbx20 Chol,CS20230722_SUBC_252,0.56,DMX
TCCTCGAAGCGCTTCG_OB,045 OB-STR-CTX Inh IMN,CS20230722_SUBC_045,0.53,OB
TCCTCGAGTTGCTTGA_vFb.Prog1,101 ZI Pax6 Gaba,CS20230722_SUBC_101,0.6,vFb.Prog1
TCCTCGATCCTCTTTC_PrT,202 PRT Tcf7l2 Gaba,CS20230722_SUBC_202,0.5,PrT
TCCTCGATCGGTTAGT_Hb1,251 NTS Dbh Glut,CS20230722_SUBC_251,0.88,Hb1
TCCTGCATCCCAATAG_Hb1,251 NTS Dbh Glut,CS20230722_SUBC_251,0.71,Hb1
TCCTTCTAGTAGAGTT_Hb1,251 NTS Dbh Glut,CS20230722_SUBC_251,0.8,Hb1
TCGAAGTGTAGATCCT_Hb3,238 NTS Phox2b Glut,CS20230722_SUBC_238,0.53,Hb3
TCGACGGTCCTGGTCT_vFb.Prog1,101 ZI Pax6 Gaba,CS20230722_SUBC_101,0.66,vFb.Prog1
TCGATTTCACGACAGA_Hb3,251 NTS Dbh Glut,CS20230722_SUBC_251,0.5,Hb3
TCGATTTGTCAGACGA_Hb2,251 NTS Dbh Glut,CS20230722_SUBC_251,0.82,Hb2
TCGCAGGTCCCATTTA_Hb2,251 NTS Dbh Glut,CS20230722_SUBC_251,0.71,Hb2
TCGCTCAAGAGACAAG_Hb1,251 NTS Dbh Glut,CS20230722_SUBC_251,0.88,Hb1
TCGCTTGAGTTCATGC_Hb1,251 NTS Dbh Glut,CS20230722_SUBC_251,0.6,Hb1
TCGCTTGTCGTCGACG_vFb.Prog2,238 NTS Phox2b Glut,CS20230722_SUBC_238,0.53,vFb.Prog2
TCGGGACTCAATGTCG_Hb1,251 NTS Dbh Glut,CS20230722_SUBC_251,0.88,Hb1
TCGGTCTAGGCTTCCG_vFb.Prog2,252 DMX VII Tbx20 Chol,CS20230722_SUBC_252,0.72,vFb.Prog2
TCGTGCTGTAAGTTAG_Hb1,251 NTS Dbh Glut,CS20230722_SUBC_251,0.94,Hb1
TCTACATAGTCGAGGT_Cb,045 OB-STR-CTX Inh IMN,CS20230722_SUBC_045,0.9,Cb
TCTACATGTAACGTTC_Hb2,251 NTS Dbh Glut,CS20230722_SUBC_251,0.86,Hb2
TCTACATTCGTGTTCC_Hb1,251 NTS Dbh Glut,CS20230722_SUBC_251,0.85,Hb1
TCTACCGAGCTGCCTG_Hb1,251 NTS Dbh Glut,CS20230722_SUBC_251,1.0,Hb1
TCTATACCAATTGCTG_Cb,045 OB-STR-CTX Inh IMN,CS20230722_SUBC_045,0.98,Cb
TCTCAGCGTAAGGCTG_PrT,202 PRT Tcf7l2 Gaba,CS20230722_SUBC_202,0.62,PrT
TCTCCGATCTGTGTGA_vFb.Prog1,101 ZI Pax6 Gaba,CS20230722_SUBC_101,0.57,vFb.Prog1
TCTCTGGAGTCAGCCC_Hyp1,045 OB-STR-CTX Inh IMN,CS20230722_SUBC_045,0.74,Hyp1
TCTCTGGGTGGATCAG_Hb1,251 NTS Dbh Glut,CS20230722_SUBC_251,0.92,Hb1
TCTTCCTAGAACCGCA_Hb2,251 NTS Dbh Glut,CS20230722_SUBC_251,0.98,Hb2
TCTTCCTCATACTGAC_Hb2,238 NTS Phox2b Glut,CS20230722_SUBC_238,0.66,Hb2
TCTTCCTGTAATGATG_Hb1,251 NTS Dbh Glut,CS20230722_SUBC_251,0.9,Hb1
TCTTGCGCAGAACTCT_pTub,237 PRP-NI-PRNc-GRN Otp Glut,CS20230722_SUBC_237,0.69,pTub
TCTTGCGGTCCGAAGA_Hb1,251 NTS Dbh Glut,CS20230722_SUBC_251,0.88,Hb1
TGAACGTTCAGTGTCA_Hb2,251 NTS Dbh Glut,CS20230722_SUBC_251,0.81,Hb2
TGAATCGTCTTCGTGC_OB,045 OB-STR-CTX Inh IMN,CS20230722_SUBC_045,0.63,OB
TGACAGTAGTCCCAAT_pTub,251 NTS Dbh Glut,CS20230722_SUBC_251,0.51,pTub
TGACCCTCACTCCGGA_Hb2,251 NTS Dbh Glut,CS20230722_SUBC_251,0.92,Hb2
TGAGCATTCAAGCCTA_Hb2,251 NTS Dbh Glut,CS20230722_SUBC_251,0.87,Hb2
TGAGCATTCATCGCTC_vFb.Prog2,038 DG-PIR Ex IMN,CS20230722_SUBC_038,1.0,vFb.Prog2
TGAGGAGAGGAGCTGT_vFb.Prog2,038 DG-PIR Ex IMN,CS20230722_SUBC_038,1.0,vFb.Prog2
TGAGTCATCTGACAGT_pTub,237 PRP-NI-PRNc-GRN Otp Glut,CS20230722_SUBC_237,0.66,pTub
TGATCAGCATCTTTCA_Hb2,238 NTS Phox2b Glut,CS20230722_SUBC_238,0.72,Hb2
TGATGCAAGGAAGTCC_vFb.Prog1,045 OB-STR-CTX Inh IMN,CS20230722_SUBC_045,0.57,vFb.Prog1
TGATGCACACTACTTT_vFb.Prog1,101 ZI Pax6 Gaba,CS20230722_SUBC_101,0.59,vFb.Prog1
TGATGGTCAAGGTTGG_Hb3,251 NTS Dbh Glut,CS20230722_SUBC_251,0.9,Hb3
TGATTCTCACTTCCTG_Hb1,251 NTS Dbh Glut,CS20230722_SUBC_251,0.57,Hb1
TGATTCTTCAAAGCCT_Hb2,251 NTS Dbh Glut,CS20230722_SUBC_251,0.93,Hb2
TGATTCTTCCTGTTGC_vFb.Prog2,252 DMX VII Tbx20 Chol,CS20230722_SUBC_252,0.84,vFb.Prog2
TGCAGATTCGTCACCT_Cb,045 OB-STR-CTX Inh IMN,CS20230722_SUBC_045,0.98,Cb
TGCAGTAAGCATCCCG_OB,044 OB Dopa-Gaba,CS20230722_SUBC_044,0.65,OB
TGCATCCAGCCTAACT_Hb2,251 NTS Dbh Glut,CS20230722_SUBC_251,0.87,Hb2
TGCATCCGTCGTTCAA_OB,044 OB Dopa-Gaba,CS20230722_SUBC_044,0.58,OB
TGCATGAAGTTCCAGT_pTub,134 PH-ant-LHA Otp Bsx Glut,CS20230722_SUBC_134,0.72,pTub
TGCGATAGTGTACAGG_Hb2,251 NTS Dbh Glut,CS20230722_SUBC_251,0.93,Hb2
TGCGATAGTTGGAGAC_Hyp2,045 OB-STR-CTX Inh IMN,CS20230722_SUBC_045,0.98,Hyp2
TGCGGCACACTGTCGG_pTub,134 PH-ant-LHA Otp Bsx Glut,CS20230722_SUBC_134,0.6,pTub
TGCGGCACAGCAATTC_OB,045 OB-STR-CTX Inh IMN,CS20230722_SUBC_045,0.57,OB
TGCGGCACATTGGATC_vFb.Prog1,045 OB-STR-CTX Inh IMN,CS20230722_SUBC_045,0.94,vFb.Prog1
TGCGGGTCAGCCGTCA_Hb2,251 NTS Dbh Glut,CS20230722_SUBC_251,1.0,Hb2
TGCGGGTTCTCTCAAT_vFb.Prog1,038 DG-PIR Ex IMN,CS20230722_SUBC_038,1.0,vFb.Prog1
TGCTCCATCTTACGTT_Hb2,251 NTS Dbh Glut,CS20230722_SUBC_251,0.98,Hb2
TGCTGAAAGGCACTCC_pTub,134 PH-ant-LHA Otp Bsx Glut,CS20230722_SUBC_134,0.84,pTub
TGCTTCGAGCGAGGAG_Hb1,251 NTS Dbh Glut,CS20230722_SUBC_251,0.97,Hb1
TGCTTCGGTACAGAGC_Hyp3,045 OB-STR-CTX Inh IMN,CS20230722_SUBC_045,0.88,Hyp3
TGGAACTGTGTGATGG_Hyp1,251 NTS Dbh Glut,CS20230722_SUBC_251,0.78,Hyp1
TGGAGGATCCTACGAA_vFb.Prog1,101 ZI Pax6 Gaba,CS20230722_SUBC_101,0.82,vFb.Prog1
TGGATCACAGCACGAA_vFb.Prog2,101 ZI Pax6 Gaba,CS20230722_SUBC_101,0.95,vFb.Prog2
TGGCGTGTCATCACTT_Cb,045 OB-STR-CTX Inh IMN,CS20230722_SUBC_045,0.98,Cb
TGGCGTGTCGCAATTG_OB,044 OB Dopa-Gaba,CS20230722_SUBC_044,0.57,OB
TGGGCGTCAACCCGCA_Hb1,251 NTS Dbh Glut,CS20230722_SUBC_251,0.94,Hb1
TGGGCGTCACGGTAGA_vFb.Prog2,045 OB-STR-CTX Inh IMN,CS20230722_SUBC_045,1.0,vFb.Prog2
TGGTACATCGTCAAAC_Hyp3,045 OB-STR-CTX Inh IMN,CS20230722_SUBC_045,0.67,Hyp3
TGTAACGAGCCTGAGA_PrT,202 PRT Tcf7l2 Gaba,CS20230722_SUBC_202,0.57,PrT
TGTAACGAGCTAGAGC_Hb1,251 NTS Dbh Glut,CS20230722_SUBC_251,0.51,Hb1
TGTAACGAGGATACAT_vFb.Prog2,045 OB-STR-CTX Inh IMN,CS20230722_SUBC_045,0.75,vFb.Prog2
TGTAACGCATTCATCT_Hyp3,045 OB-STR-CTX Inh IMN,CS20230722_SUBC_045,0.7,Hyp3
TGTACAGCATAACGGG_DMX,252 DMX VII Tbx20 Chol,CS20230722_SUBC_252,0.65,DMX
TGTACAGTCGTCCTTG_Hb3,238 NTS Phox2b Glut,CS20230722_SUBC_238,0.74,Hb3
TGTAGACGTAGGACCA_DMX,252 DMX VII Tbx20 Chol,CS20230722_SUBC_252,0.64,DMX
TGTCCACAGAACAGGA_Hyp1,045 OB-STR-CTX Inh IMN,CS20230722_SUBC_045,0.99,Hyp1
TGTCCACGTCCACTTC_Hb2,251 NTS Dbh Glut,CS20230722_SUBC_251,0.75,Hb2
TGTGTGACAAATGCTC_PrT,202 PRT Tcf7l2 Gaba,CS20230722_SUBC_202,0.71,PrT
TGTTACTAGTAATACG_Hb1,251 NTS Dbh Glut,CS20230722_SUBC_251,0.61,Hb1
TTACTGTGTAGCGATG_pTub,134 PH-ant-LHA Otp Bsx Glut,CS20230722_SUBC_134,0.61,pTub
TTACTGTGTGATGGCA_Hb1,251 NTS Dbh Glut,CS20230722_SUBC_251,0.52,Hb1
TTAGGGTCAATGAAAC_vFb.Prog1,101 ZI Pax6 Gaba,CS20230722_SUBC_101,0.7,vFb.Prog1
TTAGTCTTCTACTGCC_vFb.Prog1,101 ZI Pax6 Gaba,CS20230722_SUBC_101,0.5,vFb.Prog1
TTCAGGATCACACGAT_Hb2,251 NTS Dbh Glut,CS20230722_SUBC_251,0.8,Hb2
TTCATGTAGTAAGACT_PrT,202 PRT Tcf7l2 Gaba,CS20230722_SUBC_202,0.56,PrT
TTCATGTCAAGCCCAC_vFb.Prog1,134 PH-ant-LHA Otp Bsx Glut,CS20230722_SUBC_134,0.68,vFb.Prog1
TTCATTGTCGCCGAAC_pTub,237 PRP-NI-PRNc-GRN Otp Glut,CS20230722_SUBC_237,0.61,pTub
TTCCACGTCGCTCTCA_Hb1,251 NTS Dbh Glut,CS20230722_SUBC_251,0.97,Hb1
TTCCGTGTCCTAGCCT_pTub,134 PH-ant-LHA Otp Bsx Glut,CS20230722_SUBC_134,0.74,pTub
TTCCTCTCATTAGGCT_Hb1,251 NTS Dbh Glut,CS20230722_SUBC_251,0.95,Hb1
TTCCTCTGTTGAGGAC_pTub,134 PH-ant-LHA Otp Bsx Glut,CS20230722_SUBC_134,0.58,pTub
TTCGCTGCATCGTGCG_Hb1,251 NTS Dbh Glut,CS20230722_SUBC_251,0.94,Hb1
TTCTCTCAGAGTGTGC_Hb2,251 NTS Dbh Glut,CS20230722_SUBC_251,0.76,Hb2
TTCTGTAAGCATATGA_Hb2,251 NTS Dbh Glut,CS20230722_SUBC_251,0.81,Hb2
TTCTTGATCAATGCAC_Hb1,251 NTS Dbh Glut,CS20230722_SUBC_251,0.77,Hb1
TTGAGTGAGGATCACG_DMX,252 DMX VII Tbx20 Chol,CS20230722_SUBC_252,0.64,DMX
TTGCATTCAGCGACCT_Hb1,251 NTS Dbh Glut,CS20230722_SUBC_251,0.69,Hb1
TTGCCTGGTTTCGTAG_Hb2,251 NTS Dbh Glut,CS20230722_SUBC_251,0.8,Hb2
TTGCTGCGTCGCTTAA_PrT,202 PRT Tcf7l2 Gaba,CS20230722_SUBC_202,0.64,PrT
TTGGGATAGGCATGGT_Hb2,251 NTS Dbh Glut,CS20230722_SUBC_251,0.52,Hb2
TTGGGCGCAGACGCTC_Hb1,251 NTS Dbh Glut,CS20230722_SUBC_251,0.87,Hb1
TTGGGTAGTTATGACC_Hyp1,045 OB-STR-CTX Inh IMN,CS20230722_SUBC_045,1.0,Hyp1
TTGGTTTGTCTGTTAG_Hb1,251 NTS Dbh Glut,CS20230722_SUBC_251,0.89,Hb1
TTGGTTTGTTTAAGGA_PrT,202 PRT Tcf7l2 Gaba,CS20230722_SUBC_202,0.5,PrT
TTGTTCAGTCACAATC_Hb1,251 NTS Dbh Glut,CS20230722_SUBC_251,0.87,Hb1
TTTACGTGTGGCTCTG_Hyp3,045 OB-STR-CTX Inh IMN,CS20230722_SUBC_045,0.72,Hyp3
TTTAGTCGTATAATGG_vFb.Prog2,202 PRT Tcf7l2 Gaba,CS20230722_SUBC_202,0.62,vFb.Prog2
TTTAGTCGTCGACTGC_Hb1,251 NTS Dbh Glut,CS20230722_SUBC_251,0.87,Hb1
TTTATGCGTGACAACG_Hb1,251 NTS Dbh Glut,CS20230722_SUBC_251,0.83,Hb1
TTTCCTCAGTGGAAAG_Hyp3,134 PH-ant-LHA Otp Bsx Glut,CS20230722_SUBC_134,0.59,Hyp3
TTTGATCAGATCGCTT_vFb.Prog2,045 OB-STR-CTX Inh IMN,CS20230722_SUBC_045,1.0,vFb.Prog2
TTTGGAGAGCTGTTAC_Hb2,251 NTS Dbh Glut,CS20230722_SUBC_251,0.57,Hb2
TTTGGTTCATTCTCTA_Hb1,251 NTS Dbh Glut,CS20230722_SUBC_251,0.63,Hb1
TTTGTTGCAACTAGAA_vFb.Prog2,238 NTS Phox2b Glut,CS20230722_SUBC_238,0.66,vFb.Prog2
TTTGTTGCAAGGCGTA_vFb.Prog2,101 ZI Pax6 Gaba,CS20230722_SUBC_101,0.89,vFb.Prog2
TTTGTTGCACTATGTG_vFb.Prog2,045 OB-STR-CTX Inh IMN,CS20230722_SUBC_045,0.88,vFb.Prog2
